term_id,sense_id,source_term,split,stratum,glossary_match_status,glossary_source_entry,glossary_candidate_vi,glossary_qualifier,glossary_commit,glossary_entry_sha256,glossary_source_line,matched_entry_count,matched_entries_json,mapping_sha256
d2lce_00c0e4f7d0d5537d738af8a7,d2lce_00c0e4f7d0d5537d738af8a7,symmetry,validation,clear,GLOSSARY_MISSING,,,,c775d6b4998e6243ec5d11f950e67679555a2c74,,,0,[],05e3eb919c35b88fd831b4648a160ae414e46705edd6cc2c4bd0f8d0f95a31f2
d2lce_00f50f89defd8652bb8c429e,d2lce_00f50f89defd8652bb8c429e,sigmoid function,development,collision_or_multi_target,GLOSSARY_MISSING,,,,c775d6b4998e6243ec5d11f950e67679555a2c74,,,0,[],f477b48a13bd7f8cd1855bcf4f7c209068fb63609a87dbe1e62f0c67bca1dbf3
d2lce_041add3a2f3aa452408a5384,d2lce_041add3a2f3aa452408a5384,style transfer,test,ambiguous,GLOSSARY_MISSING,,,,c775d6b4998e6243ec5d11f950e67679555a2c74,,,0,[],3a2cd6814bb4a549394b463b9f921a53cf72585e109b9e9a3a5b3991dea395b1
d2lce_04b7107b328dedc7c1f9af65,d2lce_04b7107b328dedc7c1f9af65,minibatch,development,ambiguous,GLOSSARY_EXACT,minibatch,minibatch,,c775d6b4998e6243ec5d11f950e67679555a2c74,b95fd3a455097975fa689b7b2f8add54979751fb0f678bc18d00d6ba9ee12244,319,1,"[{""discussion"":""[https://git.io/JvojE](https://git.io/JvojE)"",""english"":""minibatch"",""entry_sha256"":""b95fd3a455097975fa689b7b2f8add54979751fb0f678bc18d00d6ba9ee12244"",""line_number"":319,""qualifier"":null,""vietnamese"":""minibatch""}]",d37a0d478432dbf2fc49ffe9a94e2aac05706be3f6df2d7ef60ff2f7d9935ffa
d2lce_06b54fbb7406aced0daac405,d2lce_06b54fbb7406aced0daac405,positions,development,collision_or_multi_target,GLOSSARY_MISSING,,,,c775d6b4998e6243ec5d11f950e67679555a2c74,,,0,[],d0f1ca14c5dc76d7d21a0278538389da8b5f05da5089acffee351f3b33096dc4
d2lce_0a19e86b29b5e64f79a45ddc,d2lce_0a19e86b29b5e64f79a45ddc,convex function,development,collision_or_multi_target,GLOSSARY_MISSING,,,,c775d6b4998e6243ec5d11f950e67679555a2c74,,,0,[],d350dabdc1ea79f1641d9fb85b94edc517bfb73908a170dbfa11e3989b040283
d2lce_0ac8f3308547fb001c31e869,d2lce_0ac8f3308547fb001c31e869,MLP,development,collision_or_multi_target,GLOSSARY_MISSING,,,,c775d6b4998e6243ec5d11f950e67679555a2c74,,,0,[],67d41be48cc5a19c495c79817314ac769dded7e98ced8f1d88b7e0decf86ffb6
d2lce_0dbb5a3cc045f69a43d09a7a,d2lce_0dbb5a3cc045f69a43d09a7a,BPR,validation,clear,GLOSSARY_MISSING,,,,c775d6b4998e6243ec5d11f950e67679555a2c74,,,0,[],979461682db5e69eafc10633cd6a0cb7ec512ba2fd4ce16c43ed27798f37be3c
d2lce_0e100796a86968fbdb5730e8,d2lce_0e100796a86968fbdb5730e8,bus,test,collision_or_multi_target,GLOSSARY_EXACT,bus,bus,,c775d6b4998e6243ec5d11f950e67679555a2c74,962665120f3bd553db0a2b91630d7596b968c8c7a82540adf540f02e90c75fe8,62,1,"[{""discussion"":"""",""english"":""bus"",""entry_sha256"":""962665120f3bd553db0a2b91630d7596b968c8c7a82540adf540f02e90c75fe8"",""line_number"":62,""qualifier"":null,""vietnamese"":""bus""}]",e13028b3f569082bd0481cb34f36796a50a0218ae96621e7a10196b25aa77b81
d2lce_10d4d01fa40b67d92527e5ed,d2lce_10d4d01fa40b67d92527e5ed,eigendecomposition,development,collision_or_multi_target,GLOSSARY_VARIANT,eigen-decomposition,phân rã trị riêng,,c775d6b4998e6243ec5d11f950e67679555a2c74,45629e18461e2b904f52fc5952d0bdf002644b20b2508ff50042d3e6198d8dff,152,1,"[{""discussion"":""[https://git.io/JUsrl](https://git.io/JUsrl)"",""english"":""eigen-decomposition"",""entry_sha256"":""45629e18461e2b904f52fc5952d0bdf002644b20b2508ff50042d3e6198d8dff"",""line_number"":152,""qualifier"":null,""vietnamese"":""phân rã trị riêng""}]",049ad5cbc1eabd987cfc8ded472891b8ff9fe05015b3989a1e01f12c70797fba
d2lce_11e1c294000ac67785408dcd,d2lce_11e1c294000ac67785408dcd,null hypothesis,development,clear,GLOSSARY_EXACT,null hypothesis,giả thuyết gốc,,c775d6b4998e6243ec5d11f950e67679555a2c74,d799d9bc275d025dc4990de058e0ee6decb522a53a5ae64134e0a53d5d1f2d40,357,1,"[{""discussion"":""[https://git.io/Jvoj1](https://git.io/Jvoj1)"",""english"":""null hypothesis"",""entry_sha256"":""d799d9bc275d025dc4990de058e0ee6decb522a53a5ae64134e0a53d5d1f2d40"",""line_number"":357,""qualifier"":null,""vietnamese"":""giả thuyết gốc""}]",58ac57e2d6ce382e88247a301c2784c0525487b7ab45ca6539a64927428531a8
d2lce_144baca5ccb9be2154705e92,d2lce_144baca5ccb9be2154705e92,dependency,validation,clear,GLOSSARY_MISSING,,,,c775d6b4998e6243ec5d11f950e67679555a2c74,,,0,[],38c430c53f926b307d5e279897b0f1bda7756302d3ffdb47939bb513d710d248
d2lce_152a9bcc9b8b5f6cc5586c54,d2lce_152a9bcc9b8b5f6cc5586c54,minibatch size,development,ambiguous,GLOSSARY_MISSING,,,,c775d6b4998e6243ec5d11f950e67679555a2c74,,,0,[],f2332983f1da11b39abc7583b6ba6a6e4ac0ec8a2080469adea2766d37389edd
d2lce_18c3da2d5bdd6d05a83982fa,d2lce_18c3da2d5bdd6d05a83982fa,attention scoring function,development,collision_or_multi_target,GLOSSARY_MISSING,,,,c775d6b4998e6243ec5d11f950e67679555a2c74,,,0,[],b652f0d199356456d0e65ec5a33d1ee138cb0c6c238dcbbf52a708b73446618d
d2lce_1a91fdded89249a5cd89ec14,d2lce_1a91fdded89249a5cd89ec14,Jupyter notebook,development,ambiguous,GLOSSARY_MISSING,,,,c775d6b4998e6243ec5d11f950e67679555a2c74,,,0,[],7d7d14518a3627c44fae54d370888c07318ea926a1d8092c56b547c137c5685e
d2lce_1cc990a2aa4f03a55ea8c851,d2lce_1cc990a2aa4f03a55ea8c851,object detection model,development,clear,GLOSSARY_MISSING,,,,c775d6b4998e6243ec5d11f950e67679555a2c74,,,0,[],4a7bd55d55bf385b62351f6a8829a829340ef03d779978955c09e56501089659
d2lce_1edc567804c90f134219a8f0,d2lce_1edc567804c90f134219a8f0,synchronize,development,collision_or_multi_target,GLOSSARY_MISSING,,,,c775d6b4998e6243ec5d11f950e67679555a2c74,,,0,[],ecc08c7b367de36348e61cf2d9e15379e28a459acf5b09dcce8577c6264b1680
d2lce_1ff0c13e857af8ab6956fc96,d2lce_1ff0c13e857af8ab6956fc96,statistical inference,validation,collision_or_multi_target,AMBIGUOUS_MULTI_SENSE,,,,c775d6b4998e6243ec5d11f950e67679555a2c74,,,2,"[{""discussion"":""[https://git.io/JJVT2](https://git.io/JJVT2)"",""english"":""(statistical) inference"",""entry_sha256"":""aea10a466d203461d70446623f14e4e438e875d1c68c3e7117d686f99103d8bb"",""line_number"":239,""qualifier"":null,""vietnamese"":""suy luận (thống kê)""},{""discussion"":"""",""english"":""statistical inference"",""entry_sha256"":""0efdfafcbc1e7e372ebc76cda1fd2a0a69d15e93110ecf9d909e9521205211d8"",""line_number"":483,""qualifier"":null,""vietnamese"":""suy luận thống kê""}]",9bb25d7a45f4bf18caf7ab7a9b3c29ecd2fefc4af0dbca7002cd14453c2ebb9e
d2lce_20a7e6887718c68fb6b88a05,d2lce_20a7e6887718c68fb6b88a05,beta,development,clear,GLOSSARY_MISSING,,,,c775d6b4998e6243ec5d11f950e67679555a2c74,,,0,[],bf89b6c30e7ebba73ad57758bf2606fd376fea6e8346b46efb0189cc4d1b1fb6
d2lce_20c658fd4e221ee551790ec2,d2lce_20c658fd4e221ee551790ec2,blocks,test,collision_or_multi_target,GLOSSARY_MISSING,,,,c775d6b4998e6243ec5d11f950e67679555a2c74,,,0,[],fdaeff044537762848bf7d7551f2e64addef4e53a7fc5f399148296bc8f66ef5
d2lce_20dc13bc32661f00e7c68b89,d2lce_20dc13bc32661f00e7c68b89,DenseNet,test,ambiguous,GLOSSARY_MISSING,,,,c775d6b4998e6243ec5d11f950e67679555a2c74,,,0,[],1136250462d78a0475309f16b66f0796a4f31ecc85cc485dd1bf10aaf9c47870
d2lce_22496a6fabe26e046ad5d5ac,d2lce_22496a6fabe26e046ad5d5ac,generalization,validation,ambiguous,GLOSSARY_MISSING,,,,c775d6b4998e6243ec5d11f950e67679555a2c74,,,0,[],d9f08175d8f213dd954bc79d04152ad3a28bfae5ee984988a55594caaf36567d
d2lce_2485cc2d1b2606bcc62d63c1,d2lce_2485cc2d1b2606bcc62d63c1,sigmoid activation function,development,clear,GLOSSARY_MISSING,,,,c775d6b4998e6243ec5d11f950e67679555a2c74,,,0,[],a1068b3d90c1cb6c2b1bffaebd41e2037993d1164c01608febbeae5ba071c770
d2lce_24988c975f984ef488776c0b,d2lce_24988c975f984ef488776c0b,frontend,development,collision_or_multi_target,GLOSSARY_EXACT,frontend,front-end,,c775d6b4998e6243ec5d11f950e67679555a2c74,d0975be8ba35c6c73a1e6323df060e026c0b6b4968b596611189f7455b896a88,191,1,"[{""discussion"":"""",""english"":""frontend"",""entry_sha256"":""d0975be8ba35c6c73a1e6323df060e026c0b6b4968b596611189f7455b896a88"",""line_number"":191,""qualifier"":null,""vietnamese"":""front-end""}]",2dac6466a49e48e3d37aec9d62249570c7e34c935d2c045436a00b0851713329
d2lce_2684090fd4500122fec2a334,d2lce_2684090fd4500122fec2a334,in place,development,ambiguous,GLOSSARY_MISSING,,,,c775d6b4998e6243ec5d11f950e67679555a2c74,,,0,[],ce788ef50da770f00e5964df20b38c3ee93ccedbee540962bb8845bcce820c89
d2lce_270e1a75bb70807d9c2dd507,d2lce_270e1a75bb70807d9c2dd507,channels,development,collision_or_multi_target,GLOSSARY_VARIANT,channel (in computer vision),kênh,in computer vision,c775d6b4998e6243ec5d11f950e67679555a2c74,93d74bc389833732e30ff072aa337741a35d37a61dadeffcc15ec78f1fa1079b,78,1,"[{""discussion"":"""",""english"":""channel (in computer vision)"",""entry_sha256"":""93d74bc389833732e30ff072aa337741a35d37a61dadeffcc15ec78f1fa1079b"",""line_number"":78,""qualifier"":""in computer vision"",""vietnamese"":""kênh""}]",9fd3c382c9f29944bf6bc36d4af036ecaa95313e9abc2904c350ecd848993faa
d2lce_28ab2b419f6b871a62a06060,d2lce_28ab2b419f6b871a62a06060,Approximate Training,development,ambiguous,GLOSSARY_EXACT,approximate training,huấn luyện gần đúng,,c775d6b4998e6243ec5d11f950e67679555a2c74,bd484a6a65c9553c8131c37ebb1e624a781eb3eb0ff3f58318b0fca175f02160,28,1,"[{""discussion"":"""",""english"":""approximate training"",""entry_sha256"":""bd484a6a65c9553c8131c37ebb1e624a781eb3eb0ff3f58318b0fca175f02160"",""line_number"":28,""qualifier"":null,""vietnamese"":""huấn luyện gần đúng""}]",14a95cedbc0feda43eaba76795638766c47a673e176f5149e41c8c226cad6dd7
d2lce_2b76c0f26436945cdf880aed,d2lce_2b76c0f26436945cdf880aed,statistical power,development,collision_or_multi_target,GLOSSARY_EXACT,statistical power,năng lực thống kê,,c775d6b4998e6243ec5d11f950e67679555a2c74,cda2d72844598b8fd047f5286c87a72badcb5c40288fd7773f3b55b0f375af8f,484,1,"[{""discussion"":""[https://git.io/Jvoja](https://git.io/Jvoja)"",""english"":""statistical power"",""entry_sha256"":""cda2d72844598b8fd047f5286c87a72badcb5c40288fd7773f3b55b0f375af8f"",""line_number"":484,""qualifier"":null,""vietnamese"":""năng lực thống kê""}]",146bcb8b626ef6fb155de1d337c9667d51f50adac2b484d71de04f864734c30a
d2lce_2b9f63478b6ef59511a4f930,d2lce_2b9f63478b6ef59511a4f930,pooling layer,development,collision_or_multi_target,GLOSSARY_MISSING,,,,c775d6b4998e6243ec5d11f950e67679555a2c74,,,0,[],7e4230b244ffde0a4d0f91962418121e8a049168a3328f8e9a266499279ece05
d2lce_2e41378b04489016bfe5707a,d2lce_2e41378b04489016bfe5707a,semantic segmentation,test,ambiguous,GLOSSARY_EXACT,semantic segmentation,phân vùng theo ngữ nghĩa,,c775d6b4998e6243ec5d11f950e67679555a2c74,684d39ccc750363d3892a6c95e719e48b5f434c494d7817d625cf50692762250,462,1,"[{""discussion"":"""",""english"":""semantic segmentation"",""entry_sha256"":""684d39ccc750363d3892a6c95e719e48b5f434c494d7817d625cf50692762250"",""line_number"":462,""qualifier"":null,""vietnamese"":""phân vùng theo ngữ nghĩa""}]",74b70d8eb8ed8f8cd89dfabb6d8d17a2ae903bd45daabf3c2183c78cc45c8441
d2lce_355f5686f2178281893eb6cb,d2lce_355f5686f2178281893eb6cb,SSDs,test,collision_or_multi_target,GLOSSARY_MISSING,,,,c775d6b4998e6243ec5d11f950e67679555a2c74,,,0,[],b7ee2f9db7fc942e6b76699ad5033b44b3c95e0d70c0281939a1972a45b0edf7
d2lce_35df896f9860f8aac814ce37,d2lce_35df896f9860f8aac814ce37,PCIe,test,clear,GLOSSARY_MISSING,,,,c775d6b4998e6243ec5d11f950e67679555a2c74,,,0,[],b1151cafe741ebf4d0766fcbeac298818f9ffa6f64d7b963821c183f67f268cd
d2lce_382e4bbab285d56a08249753,d2lce_382e4bbab285d56a08249753,contexts,development,collision_or_multi_target,GLOSSARY_MISSING,,,,c775d6b4998e6243ec5d11f950e67679555a2c74,,,0,[],2c28a416fa22a124dc688e7e74431b76081fa2a53a0cf263f916feb09060d140
d2lce_3b6a75bdbf023ea1f3ed2cc8,d2lce_3b6a75bdbf023ea1f3ed2cc8,regression,validation,ambiguous,GLOSSARY_MISSING,,,,c775d6b4998e6243ec5d11f950e67679555a2c74,,,0,[],233e53b7350cca219e3d39ca74860ddc556966e353a0f3c640dce8d8074d877a
d2lce_3e633e212e54590ca20bfc99,d2lce_3e633e212e54590ca20bfc99,norm,test,collision_or_multi_target,GLOSSARY_EXACT,norm,chuẩn,,c775d6b4998e6243ec5d11f950e67679555a2c74,de0c158eef1dc3c3c9c0c938f5a75078399e3c25692f16ac47f7f4bccf312367,354,1,"[{""discussion"":""[https://git.io/JvKem](https://git.io/JvKem)"",""english"":""norm"",""entry_sha256"":""de0c158eef1dc3c3c9c0c938f5a75078399e3c25692f16ac47f7f4bccf312367"",""line_number"":354,""qualifier"":null,""vietnamese"":""chuẩn""}]",0ada7945c53cdeb64724e470df1ee328325910036a6862850ea7b60a0801a798
d2lce_401e038a0835f7c5733a9857,d2lce_401e038a0835f7c5733a9857,hidden layer,development,collision_or_multi_target,GLOSSARY_MISSING,,,,c775d6b4998e6243ec5d11f950e67679555a2c74,,,0,[],a061f1a71efcf0d99494db34404128b29e292e7dfdcb10d07b833ee9bdfba9ef
d2lce_40a50503f2fdc79aa0a549fc,d2lce_40a50503f2fdc79aa0a549fc,Sequential,development,ambiguous,GLOSSARY_MISSING,,,,c775d6b4998e6243ec5d11f950e67679555a2c74,,,0,[],a959fb25ede5f6d2fd6754837a419cfbf6e05728fca45e657f62fb7594cb9c53
d2lce_41109297e6bf8f44d9bb9178,d2lce_41109297e6bf8f44d9bb9178,question answering,validation,ambiguous,GLOSSARY_MISSING,,,,c775d6b4998e6243ec5d11f950e67679555a2c74,,,0,[],69d9c2d888d3df2b83750d3d8549b551291ca702421fbf191da93224cb04de92
d2lce_42900db05a19228ce33eafe0,d2lce_42900db05a19228ce33eafe0,ReLU activation,development,clear,GLOSSARY_MISSING,,,,c775d6b4998e6243ec5d11f950e67679555a2c74,,,0,[],1d71fd7832b64bfe3cb375467a48c8dc03719bea8cb0c3481705a2b4c6398d3c
d2lce_43488a3e1f15598ac9b1b6bc,d2lce_43488a3e1f15598ac9b1b6bc,RNN encoder-decoder,test,clear,GLOSSARY_MISSING,,,,c775d6b4998e6243ec5d11f950e67679555a2c74,,,0,[],04efa02f174c01d8a8e50af9ace60b331013dc4e247d2f15342b6e39f48a7c62
d2lce_455f2de181035ca8388c30b0,d2lce_455f2de181035ca8388c30b0,minima,development,clear,GLOSSARY_MISSING,,,,c775d6b4998e6243ec5d11f950e67679555a2c74,,,0,[],be7b485daacfe819fce2ae100354ac33b152f6d14904b1a029a5f30de8d6e8eb
d2lce_46e81052dcb25b16e429062a,d2lce_46e81052dcb25b16e429062a,constant,test,collision_or_multi_target,GLOSSARY_MISSING,,,,c775d6b4998e6243ec5d11f950e67679555a2c74,,,0,[],cf13707763c480252d5257ce3f4e0d89876509ae1931cb89f922d3accb03cb2d
d2lce_49603071e9c21eb4bcbdf1e7,d2lce_49603071e9c21eb4bcbdf1e7,mean squared error,development,ambiguous,GLOSSARY_QUALIFIED,mean squared error (MSE),trung bình bình phương sai số,MSE,c775d6b4998e6243ec5d11f950e67679555a2c74,eda601588f17fb8947e7342f126a0b9683d9c87628c50efafee9ae8e34d5b161,316,1,"[{""discussion"":""[https://git.io/Jvojr](https://git.io/Jvojr)"",""english"":""mean squared error (MSE)"",""entry_sha256"":""eda601588f17fb8947e7342f126a0b9683d9c87628c50efafee9ae8e34d5b161"",""line_number"":316,""qualifier"":""MSE"",""vietnamese"":""trung bình bình phương sai số""}]",66a3a3a47a87da31d98b479b73195f3f6e06c8774633791a0d480134a952dc9c
d2lce_499fa9391d57e930a19f1b19,d2lce_499fa9391d57e930a19f1b19,broadcasting,development,clear,GLOSSARY_MISSING,,,,c775d6b4998e6243ec5d11f950e67679555a2c74,,,0,[],7663877bed78d0d5c484bf0d315aa8757474ef68486b958e756cd82829e5c89d
d2lce_4a5f20bb32b66b1f07d9f37a,d2lce_4a5f20bb32b66b1f07d9f37a,attention,validation,ambiguous,GLOSSARY_MISSING,,,,c775d6b4998e6243ec5d11f950e67679555a2c74,,,0,[],c4c6b8806f0503cc27c723d4115966b24f04ff6a0a58f469fae3da2cc8909b00
d2lce_4abd762bcd34d370b4fe6498,d2lce_4abd762bcd34d370b4fe6498,BatchNorm,development,clear,GLOSSARY_MISSING,,,,c775d6b4998e6243ec5d11f950e67679555a2c74,,,0,[],ed58f3cd5241a676598fc8a6cdeff14d28d0ce005aac56abd736c10fceea7dfd
d2lce_4d2b37402e25d2f56746ea23,d2lce_4d2b37402e25d2f56746ea23,custom layer,development,collision_or_multi_target,GLOSSARY_MISSING,,,,c775d6b4998e6243ec5d11f950e67679555a2c74,,,0,[],67cc0f46737d33dd70e0504a9a70de6660bba47c2b53d6d97eab71a10f14b6d5
d2lce_4f85955c4fd10e184dc97d32,d2lce_4f85955c4fd10e184dc97d32,observation,validation,collision_or_multi_target,GLOSSARY_MISSING,,,,c775d6b4998e6243ec5d11f950e67679555a2c74,,,0,[],0323062646a55fff104115593b84b0db0c77f0314dc79b46b4aef882773ff799
d2lce_52085fef12f840d2350b2049,d2lce_52085fef12f840d2350b2049,Caser,development,clear,GLOSSARY_MISSING,,,,c775d6b4998e6243ec5d11f950e67679555a2c74,,,0,[],980e96e800fb6bae5098c87cbcfd646ee1c317712e93979565688acd55698c81
d2lce_5300144b7f5b4ce29dd12ec6,d2lce_5300144b7f5b4ce29dd12ec6,spatial dimensions,development,clear,GLOSSARY_MISSING,,,,c775d6b4998e6243ec5d11f950e67679555a2c74,,,0,[],2e115faa87b6ecfa27a3e4e6437e2f140e2653ed7664d5d5e6e6c902afdbcbc3
d2lce_539543a2360129e2a2fa1b6d,d2lce_539543a2360129e2a2fa1b6d,affine transformation,development,clear,GLOSSARY_MISSING,,,,c775d6b4998e6243ec5d11f950e67679555a2c74,,,0,[],d3091a534e9cc02716daadd6cda0cd104e26fe9ecf2eeaf4cf3a4d2d4077a9e2
d2lce_53c32398310471fac3dacf35,d2lce_53c32398310471fac3dacf35,bit,development,clear,GLOSSARY_MISSING,,,,c775d6b4998e6243ec5d11f950e67679555a2c74,,,0,[],e5d06335b2f2c006fd8f47a493c7d716fde9588c645c092f7e425239de485bea
d2lce_54e0621e7c3812cb511231dc,d2lce_54e0621e7c3812cb511231dc,lanes,test,clear,GLOSSARY_MISSING,,,,c775d6b4998e6243ec5d11f950e67679555a2c74,,,0,[],3d54516b52efabd8e9b5e60f947f203f22664257e400e7fa37a1eb187e7938cf
d2lce_5c270f3b3ebe4f0059649e18,d2lce_5c270f3b3ebe4f0059649e18,noise words,development,ambiguous,GLOSSARY_MISSING,,,,c775d6b4998e6243ec5d11f950e67679555a2c74,,,0,[],d4e8f88294fc51e864cb0005613d09a3280e5d92100dff51986764d1aa49ebb2
d2lce_609638f74bc5b32d32469bbc,d2lce_609638f74bc5b32d32469bbc,natural language processing,development,ambiguous,GLOSSARY_QUALIFIED,natural language processing (NLP),xử lý ngôn ngữ tự nhiên,NLP,c775d6b4998e6243ec5d11f950e67679555a2c74,9884d9b3e1e60333f12d8c2cc3643b4a7a2cafc0ae2bd1e4ec12ed2eb7eecf97,341,1,"[{""discussion"":"""",""english"":""natural language processing (NLP)"",""entry_sha256"":""9884d9b3e1e60333f12d8c2cc3643b4a7a2cafc0ae2bd1e4ec12ed2eb7eecf97"",""line_number"":341,""qualifier"":""NLP"",""vietnamese"":""xử lý ngôn ngữ tự nhiên""}]",5a89f3172bbc4ba5f606a6f9c78d3e3ff03d33f502914b4283c16f93c1784309
d2lce_6239b2ef1cec1800e3d6f13f,d2lce_6239b2ef1cec1800e3d6f13f,Concept Shift,development,ambiguous,GLOSSARY_MISSING,,,,c775d6b4998e6243ec5d11f950e67679555a2c74,,,0,[],be81331c9740ae04b7e558a8f9755dfc4939e4945e9c7dba3bd980c388110800
d2lce_658174b1687c73f5aa1957ab,d2lce_658174b1687c73f5aa1957ab,Tanh Function,validation,ambiguous,GLOSSARY_MISSING,,,,c775d6b4998e6243ec5d11f950e67679555a2c74,,,0,[],2911369f215108a381ebd9d6443b21cc371b50562b40597de68b8a88cf4099bf
d2lce_6898a7f7f35ca368f75fda48,d2lce_6898a7f7f35ca368f75fda48,multi-GPU training,development,ambiguous,GLOSSARY_MISSING,,,,c775d6b4998e6243ec5d11f950e67679555a2c74,,,0,[],4d02ed661c0ffa1cf500f23f9ceed27cb02d24f889927e687b4911fcf27fe668
d2lce_6b1b75f43b72ec9bace62065,d2lce_6b1b75f43b72ec9bace62065,transpose,test,clear,GLOSSARY_MISSING,,,,c775d6b4998e6243ec5d11f950e67679555a2c74,,,0,[],5e66e5a98221153b48f680cdc4877a8a0b47de13508cd39a2239d8e36d16bf6a
d2lce_6c7e95cd232fb7fcca6b3bdc,d2lce_6c7e95cd232fb7fcca6b3bdc,Control Flow,development,ambiguous,GLOSSARY_MISSING,,,,c775d6b4998e6243ec5d11f950e67679555a2c74,,,0,[],f0fcbd00a9c98da9a5877ed00a0531557c583673aab312422d237006ae7e7fb0
d2lce_6f20c5222ebea4830603817b,d2lce_6f20c5222ebea4830603817b,symbols,development,collision_or_multi_target,GLOSSARY_MISSING,,,,c775d6b4998e6243ec5d11f950e67679555a2c74,,,0,[],2f1424d8462fd7730c76b56ad22e5f185f9e2e5bd5fe75f9bda9fbff6218acf6
d2lce_6f3afd43e74e8d70778dc0c8,d2lce_6f3afd43e74e8d70778dc0c8,Warmup,development,collision_or_multi_target,GLOSSARY_QUALIFIED,warmup (in learning rate scheduling),khởi động,in learning rate scheduling,c775d6b4998e6243ec5d11f950e67679555a2c74,7b238419870bda84fe538d98c12d441a958b7a9da54614a638982d9c33768603,562,1,"[{""discussion"":""[https://git.io/JJIT5](https://git.io/JJIT5)"",""english"":""warmup (in learning rate scheduling)"",""entry_sha256"":""7b238419870bda84fe538d98c12d441a958b7a9da54614a638982d9c33768603"",""line_number"":562,""qualifier"":""in learning rate scheduling"",""vietnamese"":""khởi động""}]",27b354493d0b51815431c0ebe1091e640104e81444e6f24ce505bb443cd9d6b5
d2lce_7070b47672fcb2311c0527b6,d2lce_7070b47672fcb2311c0527b6,classification problems,validation,collision_or_multi_target,GLOSSARY_MISSING,,,,c775d6b4998e6243ec5d11f950e67679555a2c74,,,0,[],078670a601390f03136329e967cdb64f1919b80c37a384099fd96d6fd02e1630
d2lce_73c8ce2915c4c64a52fab4a2,d2lce_73c8ce2915c4c64a52fab4a2,Generator,development,clear,GLOSSARY_MISSING,,,,c775d6b4998e6243ec5d11f950e67679555a2c74,,,0,[],68170ecd7ca9cde74e9964b81ae3e74b0cc2af7d5f110881094e3b55366494da
d2lce_73dbe839de3f1d00bf1226f0,d2lce_73dbe839de3f1d00bf1226f0,uncertainty,validation,clear,GLOSSARY_MISSING,,,,c775d6b4998e6243ec5d11f950e67679555a2c74,,,0,[],5adcf24330c16b3edc742831dc88a98d6f6e4a734f5be5d4f275d2ca8ce4d4b1
d2lce_776fd3328d5e31aeebe484ec,d2lce_776fd3328d5e31aeebe484ec,keys,development,collision_or_multi_target,GLOSSARY_MISSING,,,,c775d6b4998e6243ec5d11f950e67679555a2c74,,,0,[],e7ecda166e1c6aad11c41c95e624f0c35d37856046a94077d32ed75184bcc0da
d2lce_7be1455c48134d411f51fe7c,d2lce_7be1455c48134d411f51fe7c,VGG network,test,clear,GLOSSARY_MISSING,,,,c775d6b4998e6243ec5d11f950e67679555a2c74,,,0,[],3cdcda4b88d3e715dc7342d88a00f98b65912cbfeacae2007687daa7a417084f
d2lce_7c27fa40b039d07e81508741,d2lce_7c27fa40b039d07e81508741,convolution kernel,validation,collision_or_multi_target,GLOSSARY_MISSING,,,,c775d6b4998e6243ec5d11f950e67679555a2c74,,,0,[],0e2f552c87b3afca46ef65b193b27ef510992a09978e51dcbb4b76ecc2b4150b
d2lce_7d7b617aacd41c76538d06af,d2lce_7d7b617aacd41c76538d06af,constructor,development,clear,GLOSSARY_MISSING,,,,c775d6b4998e6243ec5d11f950e67679555a2c74,,,0,[],6c8ed7d8608fa01a576f7c800300dc66f9dac0d38beedf4f9376a2ee71235077
d2lce_7d91b65d1e0031ab994be237,d2lce_7d91b65d1e0031ab994be237,shape,validation,ambiguous,GLOSSARY_QUALIFIED,shape (in linear algebra),kích thước,in linear algebra,c775d6b4998e6243ec5d11f950e67679555a2c74,be6b304895c95530df21f2f9640aab92904951e8e24c06ed78c6fe7a423bbd8e,470,1,"[{""discussion"":""[https://git.io/Jvojn](https://git.io/Jvojn)"",""english"":""shape (in linear algebra)"",""entry_sha256"":""be6b304895c95530df21f2f9640aab92904951e8e24c06ed78c6fe7a423bbd8e"",""line_number"":470,""qualifier"":""in linear algebra"",""vietnamese"":""kích thước""}]",7aa90bbb44483ed0a0227517a9854742d9734c93e6b6784d7254a9df6c3fa03a
d2lce_7ef8ed3f93210606a27312a4,d2lce_7ef8ed3f93210606a27312a4,Adam,development,ambiguous,GLOSSARY_MISSING,,,,c775d6b4998e6243ec5d11f950e67679555a2c74,,,0,[],18442618aa0cb881edf40532ec8a8555067da15f4d3ee3b85f35247267b11162
d2lce_80f4d6555a6ea1d2e5e881a1,d2lce_80f4d6555a6ea1d2e5e881a1,bidirectional RNN,development,ambiguous,GLOSSARY_MISSING,,,,c775d6b4998e6243ec5d11f950e67679555a2c74,,,0,[],d4cb59a6f57b5481e6c5302be031207ee10a04f0ed63799905713f1b54bd702f
d2lce_8373decbb6e405f0386ec8a0,d2lce_8373decbb6e405f0386ec8a0,Initialization,development,collision_or_multi_target,GLOSSARY_MISSING,,,,c775d6b4998e6243ec5d11f950e67679555a2c74,,,0,[],41378c620731fd5ae36cd76cdf1368d2d8932c95f774a95a3d6f17bbaed0e772
d2lce_88251c1ff8b5d3756955ca7b,d2lce_88251c1ff8b5d3756955ca7b,region of interest pooling layer,development,clear,GLOSSARY_MISSING,,,,c775d6b4998e6243ec5d11f950e67679555a2c74,,,0,[],01f24f31281780a9a96f8b43ee8f291f78af59211ede2052e23791d30d5944af
d2lce_89406dadb8c277a1b688698c,d2lce_89406dadb8c277a1b688698c,address,validation,collision_or_multi_target,GLOSSARY_MISSING,,,,c775d6b4998e6243ec5d11f950e67679555a2c74,,,0,[],97fcbdcd1fa6dddbac9c89c0805550e10c8067a7f69f627e328e4e39fdcea44c
d2lce_8d226b48ba7ec1493faa4ec8,d2lce_8d226b48ba7ec1493faa4ec8,Gradient Clipping,development,clear,GLOSSARY_EXACT,gradient clipping,gọt gradient,,c775d6b4998e6243ec5d11f950e67679555a2c74,1ffbfe8ac40a2ef392ba52e78531ae3f87fd365ffb22514117489650e19a8fcc,211,1,"[{""discussion"":"""",""english"":""gradient clipping"",""entry_sha256"":""1ffbfe8ac40a2ef392ba52e78531ae3f87fd365ffb22514117489650e19a8fcc"",""line_number"":211,""qualifier"":null,""vietnamese"":""gọt gradient""}]",468221763e287877a524bd19c24c0cf57476c4bf9c7b44c0b2bcba218f8a6460
d2lce_8de4d36bcb2f1ad2291dd52e,d2lce_8de4d36bcb2f1ad2291dd52e,feature interactions,test,clear,GLOSSARY_MISSING,,,,c775d6b4998e6243ec5d11f950e67679555a2c74,,,0,[],2e87da77f19ffc6c658b8eee7edd0304c7695dadf3ab7b2e0f22d796bb7561b6
d2lce_91002293cea2184b43995f47,d2lce_91002293cea2184b43995f47,switch,test,ambiguous,GLOSSARY_EXACT,switch,bộ chuyển mạch,,c775d6b4998e6243ec5d11f950e67679555a2c74,b30544520510febcd0b9c4dff872cab8956b9cd682db0fdaaff0646861696715,499,1,"[{""discussion"":"""",""english"":""switch"",""entry_sha256"":""b30544520510febcd0b9c4dff872cab8956b9cd682db0fdaaff0646861696715"",""line_number"":499,""qualifier"":null,""vietnamese"":""bộ chuyển mạch""}]",b47c8e80028466cf318949a634e31a8797030816cf57d42fa66a72f9f234f408
d2lce_9199c3ba27076b186a42df23,d2lce_9199c3ba27076b186a42df23,generalization error,validation,ambiguous,GLOSSARY_EXACT,generalization error,lỗi khái quát,,c775d6b4998e6243ec5d11f950e67679555a2c74,7cd45e201dde369a7de817e029ab89bb88671728ded4266b43017a44c980db92,203,1,"[{""discussion"":""[https://git.io/Jvohm](https://git.io/Jvohm)"",""english"":""generalization error"",""entry_sha256"":""7cd45e201dde369a7de817e029ab89bb88671728ded4266b43017a44c980db92"",""line_number"":203,""qualifier"":null,""vietnamese"":""lỗi khái quát""}]",f3f66b598b9e5d47137695bd13f72f18dc424b16a0c808f1ce44707c219091a8
d2lce_9372cdb5752db6ba6fa38fbd,d2lce_9372cdb5752db6ba6fa38fbd,integration,development,ambiguous,GLOSSARY_MISSING,,,,c775d6b4998e6243ec5d11f950e67679555a2c74,,,0,[],ca285afd58b6cf6ad9c7217fbd625666d04ff65c37f67d3e46a5791654880096
d2lce_963a14fc5042969e330bb020,d2lce_963a14fc5042969e330bb020,two-dimensional cross-correlation operation,development,ambiguous,GLOSSARY_MISSING,,,,c775d6b4998e6243ec5d11f950e67679555a2c74,,,0,[],6a9c4dc6cbec4fda5a530a41be094cbbbb35adcb14f23dca675e81b1d8a9a57b
d2lce_98211ac6b2c27c6359ce6dae,d2lce_98211ac6b2c27c6359ce6dae,inverse,test,collision_or_multi_target,GLOSSARY_MISSING,,,,c775d6b4998e6243ec5d11f950e67679555a2c74,,,0,[],b6828a99915dbfda021a3942296f9c5a7ec4afbfb9232dbfe272b950b656d3c4
d2lce_98b37a7bcb47cd2ef2e5f296,d2lce_98b37a7bcb47cd2ef2e5f296,fully-connected layers,development,ambiguous,GLOSSARY_MISSING,,,,c775d6b4998e6243ec5d11f950e67679555a2c74,,,0,[],d03edd7ccebdf3de33e6afc16386e9981ad5acad36a1771984c3253c20a49283
d2lce_9bd5113780f8e8160a24e6ad,d2lce_9bd5113780f8e8160a24e6ad,underflow,development,clear,GLOSSARY_QUALIFIED,underflow (numerical),tràn (số) dưới,numerical,c775d6b4998e6243ec5d11f950e67679555a2c74,d5524c4ac93b77dddf922fe65ae3abde5a1e3122bd0a2d2abdbfeb873d41d5bf,542,1,"[{""discussion"":""[https://git.io/JvohC](https://git.io/JvohC)"",""english"":""underflow (numerical)"",""entry_sha256"":""d5524c4ac93b77dddf922fe65ae3abde5a1e3122bd0a2d2abdbfeb873d41d5bf"",""line_number"":542,""qualifier"":""numerical"",""vietnamese"":""tràn (số) dưới""}]",023483f93617ef92af8f1d17f35ae7d8a423fbd403a9e3dd4b490736497dedc4
d2lce_9c874642b8c028465cfbb71e,d2lce_9c874642b8c028465cfbb71e,convex sets,development,clear,GLOSSARY_MISSING,,,,c775d6b4998e6243ec5d11f950e67679555a2c74,,,0,[],9ed24d3b0ee3ffd94581295ffd6b6b87b968862cb38ccc75ea5822616bdbaa64
d2lce_9cee0f2f668259a2568b89f4,d2lce_9cee0f2f668259a2568b89f4,Skip-Gram Model,development,ambiguous,GLOSSARY_EXACT,skip-gram (model),(mô hình) skip-gram,model,c775d6b4998e6243ec5d11f950e67679555a2c74,874df87a8b693e99f415bfb6605ae75544b2a60bdb7b74b3545484f1caf94702,472,1,"[{""discussion"":"""",""english"":""skip-gram (model)"",""entry_sha256"":""874df87a8b693e99f415bfb6605ae75544b2a60bdb7b74b3545484f1caf94702"",""line_number"":472,""qualifier"":""model"",""vietnamese"":""(mô hình) skip-gram""}]",f375242465b2ecd33e89a13b8460c2600489f72f0100a927b35ecb4e0177ebd7
d2lce_9e5c3dd254843c7ec95d4960,d2lce_9e5c3dd254843c7ec95d4960,unknown token,development,clear,GLOSSARY_MISSING,,,,c775d6b4998e6243ec5d11f950e67679555a2c74,,,0,[],696779ccc6e636fe185bb0308b387684e75011b21cce2400cb3dc9c854594d02
d2lce_a1d9f9c783c09cc52dedbe55,d2lce_a1d9f9c783c09cc52dedbe55,likelihood,development,clear,GLOSSARY_MISSING,,,,c775d6b4998e6243ec5d11f950e67679555a2c74,,,0,[],ce5c6e4f51a012b9d204abd9718f6d589eb7fe8de2d39754a9b5e44721fc9992
d2lce_a3e7228aef125ec437a840fa,d2lce_a3e7228aef125ec437a840fa,weighted average,development,ambiguous,GLOSSARY_MISSING,,,,c775d6b4998e6243ec5d11f950e67679555a2c74,,,0,[],fb1c5aed2753b7151d63ff2c37ffece64bafaa627bd3f001d878b2e5d6f495d4
d2lce_a47c0fa6efae6f5b3c950575,d2lce_a47c0fa6efae6f5b3c950575,Update Gate,development,collision_or_multi_target,GLOSSARY_MISSING,,,,c775d6b4998e6243ec5d11f950e67679555a2c74,,,0,[],31c4c4db850244da7f5957ea6dd3e9d072bd71dbc777f6f240aa371aa2970f1b
d2lce_a5537c415bcbe54cdd82a669,d2lce_a5537c415bcbe54cdd82a669,Label Shift,development,clear,GLOSSARY_MISSING,,,,c775d6b4998e6243ec5d11f950e67679555a2c74,,,0,[],b9c211a845062c59323b11a120c31cfae30585e380f2298e51761e42fbd94601
d2lce_a7105fea7b2b3447548b6d7a,d2lce_a7105fea7b2b3447548b6d7a,language model,development,collision_or_multi_target,GLOSSARY_QUALIFIED,language model(ling),mô hình (hoá) ngôn ngữ,ling,c775d6b4998e6243ec5d11f950e67679555a2c74,e5ddb58db3b2c35af9badba8636fc7300008e767b20f059b215c9b47b7bab423,275,1,"[{""discussion"":"""",""english"":""language model(ling)"",""entry_sha256"":""e5ddb58db3b2c35af9badba8636fc7300008e767b20f059b215c9b47b7bab423"",""line_number"":275,""qualifier"":""ling"",""vietnamese"":""mô hình (hoá) ngôn ngữ""}]",242da2eba3a97fc8e07983924c6ce9afddeef5cdad688787880ab3e1fc5bd043
d2lce_abae8f75b732ffe9c8a965c0,d2lce_abae8f75b732ffe9c8a965c0,nonvolitional cue,development,collision_or_multi_target,GLOSSARY_MISSING,,,,c775d6b4998e6243ec5d11f950e67679555a2c74,,,0,[],7d85c81e8be648dc7c3940015dbe349aa8881590d63b90eef715363da7e8d25d
d2lce_ad03ff147d19eb2ea47d5b0e,d2lce_ad03ff147d19eb2ea47d5b0e,volitional cue,development,collision_or_multi_target,GLOSSARY_MISSING,,,,c775d6b4998e6243ec5d11f950e67679555a2c74,,,0,[],9e3b5c8def846c599d5ac78efb6fd4787db1707d9c59615cf9d709f30fb4f40c
d2lce_ad0d7cbd5f90ad33075e89aa,d2lce_ad0d7cbd5f90ad33075e89aa,R-CNN,development,collision_or_multi_target,GLOSSARY_MISSING,,,,c775d6b4998e6243ec5d11f950e67679555a2c74,,,0,[],dcee4e56d0fadd4790506c35b804b8a9cbd6c63205269e0435a0273c571990b0
d2lce_ad13d119a140210b487eeb9c,d2lce_ad13d119a140210b487eeb9c,biases,test,clear,GLOSSARY_MISSING,,,,c775d6b4998e6243ec5d11f950e67679555a2c74,,,0,[],95e550baf5469c0489a1d4bdc0bd243653e86763947541af66f22d948136a6e6
d2lce_addfcc9899bef06c500b6b0e,d2lce_addfcc9899bef06c500b6b0e,momentum,development,clear,GLOSSARY_EXACT,momentum,động lượng,,c775d6b4998e6243ec5d11f950e67679555a2c74,5f0f4feb56befdec317bca7a20470c8c4f87d8e495cfbb54c3f23dc5b93d6d54,329,1,"[{""discussion"":"""",""english"":""momentum"",""entry_sha256"":""5f0f4feb56befdec317bca7a20470c8c4f87d8e495cfbb54c3f23dc5b93d6d54"",""line_number"":329,""qualifier"":null,""vietnamese"":""động lượng""}]",56d5f203eae8d530670da7b0b72cc379861d50c133d67a40917582ab174028dc
d2lce_b0fd0234a2a3049734e8011c,d2lce_b0fd0234a2a3049734e8011c,population,test,clear,GLOSSARY_EXACT,population,tổng thể,,c775d6b4998e6243ec5d11f950e67679555a2c74,3f623b94e8845e5b1e4ee039519999da2bad690598047c120102e460f00ee8c5,398,1,"[{""discussion"":""[https://git.io/Jvoja](https://git.io/Jvoja)"",""english"":""population"",""entry_sha256"":""3f623b94e8845e5b1e4ee039519999da2bad690598047c120102e460f00ee8c5"",""line_number"":398,""qualifier"":null,""vietnamese"":""tổng thể""}]",374aec46c48e6b551ea602ad859a085fcc3760427520cf1a8b38971ca84e6358
d2lce_b5d6207f8142a696435e27e0,d2lce_b5d6207f8142a696435e27e0,Statistical Bias,development,clear,GLOSSARY_MISSING,,,,c775d6b4998e6243ec5d11f950e67679555a2c74,,,0,[],1a6cfe1f9eb534c6b5ea7a5c6233369826141a3699a5c5e12e189bb6c06b75b4
d2lce_b63485c15ac13f80b0d98676,d2lce_b63485c15ac13f80b0d98676,transposed convolutional layer,development,collision_or_multi_target,GLOSSARY_MISSING,,,,c775d6b4998e6243ec5d11f950e67679555a2c74,,,0,[],98a11d855899677d403bf3cb1e4ac163cbaaeecb147babf082abc73e07643797
d2lce_b85d9a7a642afee03175796f,d2lce_b85d9a7a642afee03175796f,sequence data,development,ambiguous,GLOSSARY_MISSING,,,,c775d6b4998e6243ec5d11f950e67679555a2c74,,,0,[],1eef35dd681baa35135d17d911a16f0b891d04e1ac20fc573e8bb24ccb56e849
d2lce_b967af36e17c22a478eaed6d,d2lce_b967af36e17c22a478eaed6d,padding tokens,test,ambiguous,GLOSSARY_MISSING,,,,c775d6b4998e6243ec5d11f950e67679555a2c74,,,0,[],43156d30739d6567dcdd49f75f96d81b6d87b90d9661a8d723b5fa675a91bd4c
d2lce_bb2aa6e567ff5ce9563e209b,d2lce_bb2aa6e567ff5ce9563e209b,binary classification,validation,clear,GLOSSARY_MISSING,,,,c775d6b4998e6243ec5d11f950e67679555a2c74,,,0,[],feddcb02b4bf2a5945164537f738c80e71b98ad627fb0b9fbeb67065e732db44
d2lce_bbf89ef89c96205886255dcf,d2lce_bbf89ef89c96205886255dcf,matrix factorization,validation,collision_or_multi_target,GLOSSARY_EXACT,matrix factorization,phân rã ma trận,,c775d6b4998e6243ec5d11f950e67679555a2c74,8350363bd22c3a14e139e52539d1d07687e5304952b5d57de965d7e6b17d1cd0,312,1,"[{""discussion"":""[https://git.io/JUsrl](https://git.io/JUsrl)"",""english"":""matrix factorization"",""entry_sha256"":""8350363bd22c3a14e139e52539d1d07687e5304952b5d57de965d7e6b17d1cd0"",""line_number"":312,""qualifier"":null,""vietnamese"":""phân rã ma trận""}]",111932fe76f0073ede46a7dff2e3aed5674645de05f99b28666d58fe5e8be95c
d2lce_bc240ce7b3e0abeb18f82a6b,d2lce_bc240ce7b3e0abeb18f82a6b,sensory input,development,collision_or_multi_target,GLOSSARY_MISSING,,,,c775d6b4998e6243ec5d11f950e67679555a2c74,,,0,[],583d0966a7c88317fc75fbf3e2f6c9223442519de376f754ec806807c475d660
d2lce_bee01b92f7b0b02cc1d77bd7,d2lce_bee01b92f7b0b02cc1d77bd7,second derivative,development,clear,GLOSSARY_MISSING,,,,c775d6b4998e6243ec5d11f950e67679555a2c74,,,0,[],7d8348e240b5d744fd5762552fb12aaee4ee7b592b0963dec80c6e545aa0f1e4
d2lce_c01c503b792019c6e3827ac0,d2lce_c01c503b792019c6e3827ac0,interaction matrix,validation,clear,GLOSSARY_MISSING,,,,c775d6b4998e6243ec5d11f950e67679555a2c74,,,0,[],fca6962b2cd5bc50761ebb4eaf3270c35723e977e95bf223545a5f3e69e49330
d2lce_c343a692fe9bdfdabefe7687,d2lce_c343a692fe9bdfdabefe7687,maximum pooling layer,development,clear,GLOSSARY_MISSING,,,,c775d6b4998e6243ec5d11f950e67679555a2c74,,,0,[],ed2835f72b58be28924af547bf98bb20a9ce18096eee87cdca5dd0a2479a2dc2
d2lce_c3c46748b1a49e32c07ca9d7,d2lce_c3c46748b1a49e32c07ca9d7,iteration,development,collision_or_multi_target,GLOSSARY_EXACT,iteration,vòng lặp,,c775d6b4998e6243ec5d11f950e67679555a2c74,c1b52ca62fbf6258d7119ca8e8c60c59c392ff761f0d8d13906e138941cd9614,254,1,"[{""discussion"":"""",""english"":""iteration"",""entry_sha256"":""c1b52ca62fbf6258d7119ca8e8c60c59c392ff761f0d8d13906e138941cd9614"",""line_number"":254,""qualifier"":null,""vietnamese"":""vòng lặp""}]",2952ceb820f979a82bdea9c7d98a9d51ce686d6a8a425cecf3404668be054422
d2lce_c47822c187c02e12aa499ec6,d2lce_c47822c187c02e12aa499ec6,distribution,test,collision_or_multi_target,GLOSSARY_EXACT,distribution,phân phối,,c775d6b4998e6243ec5d11f950e67679555a2c74,6bd5f369e647b6f83da5baad15cef77f20f986b49dfcaa71b8a95d607b237cef,138,1,"[{""discussion"":"""",""english"":""distribution"",""entry_sha256"":""6bd5f369e647b6f83da5baad15cef77f20f986b49dfcaa71b8a95d607b237cef"",""line_number"":138,""qualifier"":null,""vietnamese"":""phân phối""}]",0ade3ddf86c4730519ed89332c955720847ca775fce85b9f541e00c69e44fb1a
d2lce_c4e87e5ee47d3e26ba618290,d2lce_c4e87e5ee47d3e26ba618290,convolutional neural networks,development,collision_or_multi_target,GLOSSARY_VARIANT,convolutional neural network,mạng nơ-ron tích chập,,c775d6b4998e6243ec5d11f950e67679555a2c74,e5d95be63f6835422cb5cf8c4adba10e9463049666c4df33daaa33fa80109a8d,104,1,"[{""discussion"":"""",""english"":""convolutional neural network"",""entry_sha256"":""e5d95be63f6835422cb5cf8c4adba10e9463049666c4df33daaa33fa80109a8d"",""line_number"":104,""qualifier"":null,""vietnamese"":""mạng nơ-ron tích chập""}]",077fa151cea449292db113eed90294d2a1a1b371610c070c4a56864b52f46b34
d2lce_c6b4477a845e2e0e0e02f088,d2lce_c6b4477a845e2e0e0e02f088,output gate,development,clear,GLOSSARY_MISSING,,,,c775d6b4998e6243ec5d11f950e67679555a2c74,,,0,[],87c9290b4ddef18ac6767389bdeb815e98911c0fb0d6a67d3a34adef437e183a
d2lce_c6c1c6e96c39b88a9f94e8d9,d2lce_c6c1c6e96c39b88a9f94e8d9,input gate,development,collision_or_multi_target,GLOSSARY_MISSING,,,,c775d6b4998e6243ec5d11f950e67679555a2c74,,,0,[],6c567c40de905b61c7dc2c9b425dd36402f6dc52cd80f26afa1b515041dfa2b4
d2lce_c6d5679eb20ff0719dfc35b2,d2lce_c6d5679eb20ff0719dfc35b2,SSD,development,ambiguous,GLOSSARY_MISSING,,,,c775d6b4998e6243ec5d11f950e67679555a2c74,,,0,[],6796a65f538e9c4c09f2809cdab12574e6072c76cb8b96bfb69e37a24f6be4c2
d2lce_c9e2beab505998c5b3b560b5,d2lce_c9e2beab505998c5b3b560b5,risk,test,collision_or_multi_target,GLOSSARY_MISSING,,,,c775d6b4998e6243ec5d11f950e67679555a2c74,,,0,[],1953cc0577b7576ca94d30879ed38d01d6db5deb79fa9b8b0919e2566a2e7823
d2lce_ca2ca961829e131bbc0fd92b,d2lce_ca2ca961829e131bbc0fd92b,Entailment,development,ambiguous,GLOSSARY_MISSING,,,,c775d6b4998e6243ec5d11f950e67679555a2c74,,,0,[],23280d93b668cd5e9fbe27a512a03471095fb04756ef470610984686ecc0841b
d2lce_cc4cb853eff638abcbdf7691,d2lce_cc4cb853eff638abcbdf7691,learning rate,development,ambiguous,GLOSSARY_EXACT,learning rate,tốc độ học,,c775d6b4998e6243ec5d11f950e67679555a2c74,3105c1471d1f3041864c2cbb30f1233996b74c9ca130af01d87455d357e816d2,283,1,"[{""discussion"":"""",""english"":""learning rate"",""entry_sha256"":""3105c1471d1f3041864c2cbb30f1233996b74c9ca130af01d87455d357e816d2"",""line_number"":283,""qualifier"":null,""vietnamese"":""tốc độ học""}]",7b6579f7174f03d5a4535fa57a2502506bc9ff4f61b3683d35bc9a3526420c47
d2lce_ccf7d0a5109d86ee76a75b9c,d2lce_ccf7d0a5109d86ee76a75b9c,multiple channels,development,clear,GLOSSARY_MISSING,,,,c775d6b4998e6243ec5d11f950e67679555a2c74,,,0,[],26deadc5cfa856a46d5bebf6dc21a61f73be4bd348214caac35a60ebb618e7d2
d2lce_ce222dd206341f61f2986f7a,d2lce_ce222dd206341f61f2986f7a,word embedding,development,ambiguous,GLOSSARY_MISSING,,,,c775d6b4998e6243ec5d11f950e67679555a2c74,,,0,[],57ed655c732657ac0bb14f4e14d153cc4bcf6c311ef63349ca3d0d09c66e80e6
d2lce_ceb82e896665f8c0cd942ed6,d2lce_ceb82e896665f8c0cd942ed6,MSE,development,clear,GLOSSARY_MISSING,,,,c775d6b4998e6243ec5d11f950e67679555a2c74,,,0,[],ae1608a9e960a245a38aed07688cf98b06192bc3568ca6c0b91ab6a7de06f1cb
d2lce_cf168d11faf5e675efa7e0a3,d2lce_cf168d11faf5e675efa7e0a3,objective,development,collision_or_multi_target,GLOSSARY_MISSING,,,,c775d6b4998e6243ec5d11f950e67679555a2c74,,,0,[],85590786d8f6d2d2c587d32c4390afc217866f542b25302b97f7df93a2740e8e
d2lce_d0b3a65c5f21e6064395a475,d2lce_d0b3a65c5f21e6064395a475,ground truth,validation,collision_or_multi_target,GLOSSARY_EXACT,ground truth,nhãn gốc,,c775d6b4998e6243ec5d11f950e67679555a2c74,70ad8f9172887758f7f56e083cbf29142a0fb269773d4a7d095509b0955b9173,216,1,"[{""discussion"":""[https://git.io/JvQxl](https://git.io/JvQxl)"",""english"":""ground truth"",""entry_sha256"":""70ad8f9172887758f7f56e083cbf29142a0fb269773d4a7d095509b0955b9173"",""line_number"":216,""qualifier"":null,""vietnamese"":""nhãn gốc""}]",96fa320a72d7abefd56559406f2978d39a5e464011acc39ca4bedecc1461b2ba
d2lce_d1ca2fd5568e11a79b1b3366,d2lce_d1ca2fd5568e11a79b1b3366,train,test,collision_or_multi_target,GLOSSARY_MISSING,,,,c775d6b4998e6243ec5d11f950e67679555a2c74,,,0,[],2e4a73e5e9294566ef3c32d7f4c07d5b719a65c7365052d969732f15b8d4ea29
d2lce_d2bfc7b3a0a02ddfd71b3526,d2lce_d2bfc7b3a0a02ddfd71b3526,convolutional layer,development,collision_or_multi_target,GLOSSARY_MISSING,,,,c775d6b4998e6243ec5d11f950e67679555a2c74,,,0,[],cb86607b2db7cd3596314ec9ce69e4a43dea789581a351f569b561ab7ec50f0e
d2lce_d30763678be8999b747cf0ee,d2lce_d30763678be8999b747cf0ee,training data,development,ambiguous,GLOSSARY_MISSING,,,,c775d6b4998e6243ec5d11f950e67679555a2c74,,,0,[],8d8780be970abc2a1f2ae55456f355c8855f3e424ceb21a25ae4fb4a349d85eb
d2lce_d53294d467b28b07bf000b10,d2lce_d53294d467b28b07bf000b10,standardization,development,ambiguous,GLOSSARY_MISSING,,,,c775d6b4998e6243ec5d11f950e67679555a2c74,,,0,[],50fa4e8c0501c913447a8574f7fc798ad887bd792754698d092a6ed37303a837
d2lce_d7976d0b101e65c34c011871,d2lce_d7976d0b101e65c34c011871,vanishing gradients,development,ambiguous,GLOSSARY_VARIANT,vanishing gradient,tiêu biến gradient,,c775d6b4998e6243ec5d11f950e67679555a2c74,b31f646551bc232e5cfa2a0b241d8b77dae6dd796618e6a0ce017dfb7d20dd88,553,1,"[{""discussion"":""[https://git.io/JvohI](https://git.io/JvohI)"",""english"":""vanishing gradient"",""entry_sha256"":""b31f646551bc232e5cfa2a0b241d8b77dae6dd796618e6a0ce017dfb7d20dd88"",""line_number"":553,""qualifier"":null,""vietnamese"":""tiêu biến gradient""}]",a9d74d878080058a6454b12fb11bcecaaa4e08ceb7ac9d5d3c9d2601fc8c75e3
d2lce_d89e6e83e5f07d1fcb18c6aa,d2lce_d89e6e83e5f07d1fcb18c6aa,classification task,validation,collision_or_multi_target,GLOSSARY_MISSING,,,,c775d6b4998e6243ec5d11f950e67679555a2c74,,,0,[],fa96eac3f571dde984f4844825984392babf2f577beea4a335fde8800eef4c1d
d2lce_d8d3db5e12791f4de99286be,d2lce_d8d3db5e12791f4de99286be,linear regression,validation,ambiguous,GLOSSARY_EXACT,linear regression,hồi quy tuyến tính,,c775d6b4998e6243ec5d11f950e67679555a2c74,4d4db8f9e9a44951f3f9368b83427b95da498deb2cf232b0d1bbd59bb683326e,293,1,"[{""discussion"":"""",""english"":""linear regression"",""entry_sha256"":""4d4db8f9e9a44951f3f9368b83427b95da498deb2cf232b0d1bbd59bb683326e"",""line_number"":293,""qualifier"":null,""vietnamese"":""hồi quy tuyến tính""}]",e1a2e9ea4fea4932dca32f967b0eb5c1031ebfd9e1de89ff305e0ff1347f60ec
d2lce_d96258f97579b9b414c21815,d2lce_d96258f97579b9b414c21815,positional embeddings,development,clear,GLOSSARY_MISSING,,,,c775d6b4998e6243ec5d11f950e67679555a2c74,,,0,[],fd1b8a6519cf9ebd38cdc51d03d41d01bd3702e215a0ce17d1941eae3db872d1
d2lce_dbb300a90e4b0f8b815b5e12,d2lce_dbb300a90e4b0f8b815b5e12,hypothesis,development,ambiguous,GLOSSARY_MISSING,,,,c775d6b4998e6243ec5d11f950e67679555a2c74,,,0,[],eda1bf6abec50a5356bb5114356fefe78a369ccdfb1b1c0ac8a9f709b46f1e52
d2lce_dc193feb1eeef3a1349d9b74,d2lce_dc193feb1eeef3a1349d9b74,continuous bag of words,development,ambiguous,GLOSSARY_MISSING,,,,c775d6b4998e6243ec5d11f950e67679555a2c74,,,0,[],c48a08b28f03ad4b710638c9f5610409a69a2ffb6900bfb2bfb132405ec62906
d2lce_ddf8557de1cd5ff23b86e10e,d2lce_ddf8557de1cd5ff23b86e10e,aspect ratio,test,ambiguous,GLOSSARY_MISSING,,,,c775d6b4998e6243ec5d11f950e67679555a2c74,,,0,[],fb963a1ec6cdf884fae2c21aba838aac9c4fe249c12e8f80931d597bf1a74167
d2lce_e014da89e120449f8881dd5b,d2lce_e014da89e120449f8881dd5b,single GPU,validation,clear,GLOSSARY_MISSING,,,,c775d6b4998e6243ec5d11f950e67679555a2c74,,,0,[],47b057a6cfb2451e581dd7b00112fef3ca23cec587a08c6f1cecdfb133b9363b
d2lce_e0c693366d811581abbb9e74,d2lce_e0c693366d811581abbb9e74,activation function,development,ambiguous,GLOSSARY_EXACT,activation function,hàm kích hoạt,,c775d6b4998e6243ec5d11f950e67679555a2c74,d67892ada817256adc20bbe7751e4df58c5334dd798699922e18961d4ff2c65f,19,1,"[{""discussion"":"""",""english"":""activation function"",""entry_sha256"":""d67892ada817256adc20bbe7751e4df58c5334dd798699922e18961d4ff2c65f"",""line_number"":19,""qualifier"":null,""vietnamese"":""hàm kích hoạt""}]",198f103bfaec860d872eb0ccd387282592bdb7dd29eb99c72d628aa1700e6036
d2lce_e1a7c8e04c91b48272b3b5ee,d2lce_e1a7c8e04c91b48272b3b5ee,discrete random variables,development,ambiguous,GLOSSARY_MISSING,,,,c775d6b4998e6243ec5d11f950e67679555a2c74,,,0,[],4a8a5018e0c0a8fdb591dd808f954b956a3282cb91dc24b41e7c6fab56d170ed
d2lce_e246c0d41c7b8bc2c145f69a,d2lce_e246c0d41c7b8bc2c145f69a,linearly independent,development,clear,GLOSSARY_MISSING,,,,c775d6b4998e6243ec5d11f950e67679555a2c74,,,0,[],ceca8c4959dafd398e2dd2475344335b673c9234aad78c184912f5ee06ab2dc3
d2lce_e27a9787bb13f8580103adc4,d2lce_e27a9787bb13f8580103adc4,pretrained BERT,validation,clear,GLOSSARY_MISSING,,,,c775d6b4998e6243ec5d11f950e67679555a2c74,,,0,[],e313a2b8fb5ad104105685a2f5ebf10c6adde308929319f4f087c125ace9d143
d2lce_e749bbd007351d6963f2bbd0,d2lce_e749bbd007351d6963f2bbd0,offsets,development,collision_or_multi_target,GLOSSARY_VARIANT,offset,độ dời,,c775d6b4998e6243ec5d11f950e67679555a2c74,13760c8d3ea576b4f75e37a5fc5f6c79a1bfbc3fa6fa84e9feed912029e9a062,367,1,"[{""discussion"":""[https://git.io/JfwX5](https://git.io/JfwX5)"",""english"":""offset"",""entry_sha256"":""13760c8d3ea576b4f75e37a5fc5f6c79a1bfbc3fa6fa84e9feed912029e9a062"",""line_number"":367,""qualifier"":null,""vietnamese"":""độ dời""}]",c2f4958c29104ecfde8dc4affb727ac977ff2a4dace21996754d8f0b9d6546e1
d2lce_e8992d8478a28e673fe551dc,d2lce_e8992d8478a28e673fe551dc,sequential partitioning,validation,ambiguous,GLOSSARY_EXACT,sequential partitioning,phân tách tuần tự,,c775d6b4998e6243ec5d11f950e67679555a2c74,179dcef44ca77bc59b318f7d1009198b0049d26dac78f138ca2d4b5f831940ca,467,1,"[{""discussion"":"""",""english"":""sequential partitioning"",""entry_sha256"":""179dcef44ca77bc59b318f7d1009198b0049d26dac78f138ca2d4b5f831940ca"",""line_number"":467,""qualifier"":null,""vietnamese"":""phân tách tuần tự""}]",51e9ba2166338335291973469a1237702c645d552130c3abe4cda9cc1c30f04c
d2lce_eae5d94b4d2b73165c5d8795,d2lce_eae5d94b4d2b73165c5d8795,zero mean,development,clear,GLOSSARY_MISSING,,,,c775d6b4998e6243ec5d11f950e67679555a2c74,,,0,[],5841ff204dda48a5f317fc81369555c9e938bd9455843effe30f3a8993f19540
d2lce_eba859df6c63311dce4a5eb7,d2lce_eba859df6c63311dce4a5eb7,CNN,test,ambiguous,GLOSSARY_MISSING,,,,c775d6b4998e6243ec5d11f950e67679555a2c74,,,0,[],c54a889596f1100e5b0300765cf7d4acfdd34b61f18042436e3d23a3a8d5a917
d2lce_ebd36388b50538b928ebbb4a,d2lce_ebd36388b50538b928ebbb4a,CUDA,development,ambiguous,GLOSSARY_MISSING,,,,c775d6b4998e6243ec5d11f950e67679555a2c74,,,0,[],00e6203d6afaf92db3130bd0a0862f8b1599a28211d52504811c62ec97237d35
d2lce_ed44d125cc1110c1c39f7b3e,d2lce_ed44d125cc1110c1c39f7b3e,model parameter,development,clear,GLOSSARY_MISSING,,,,c775d6b4998e6243ec5d11f950e67679555a2c74,,,0,[],f6b3b337ee66e49affb39d04503f0da943b9a8d704c48310fd8348e618f16ed3
d2lce_f33d434f8362f23d43285427,d2lce_f33d434f8362f23d43285427,representation,development,collision_or_multi_target,GLOSSARY_MISSING,,,,c775d6b4998e6243ec5d11f950e67679555a2c74,,,0,[],aaa55859d741993cf322fd1563972e5175e43978c33d85d7d4bd60a52530eb3c
d2lce_f3dedf5fcd54a46940474022,d2lce_f3dedf5fcd54a46940474022,dimensionality,test,ambiguous,GLOSSARY_EXACT,dimensionality,kích thước chiều,,c775d6b4998e6243ec5d11f950e67679555a2c74,a47e9395edd9022415977432638883ce62a9c4cd3e241cd70c503bd78b08ff72,136,1,"[{""discussion"":"""",""english"":""dimensionality"",""entry_sha256"":""a47e9395edd9022415977432638883ce62a9c4cd3e241cd70c503bd78b08ff72"",""line_number"":136,""qualifier"":null,""vietnamese"":""kích thước chiều""}]",24e1adfe263d78951fea19c314da9bb6f1a8a44bdc02678d10fcd78fe20c7d1f
d2lce_f7c1845f1d67dcb386e8fc22,d2lce_f7c1845f1d67dcb386e8fc22,latent factors,development,clear,GLOSSARY_MISSING,,,,c775d6b4998e6243ec5d11f950e67679555a2c74,,,0,[],cf37753d427d2f511c08f684410c7d758409b74b2128594878f17b82dc05dc43
d2lce_fa115d4c3a8140d91339df15,d2lce_fa115d4c3a8140d91339df15,Reduction,development,clear,GLOSSARY_MISSING,,,,c775d6b4998e6243ec5d11f950e67679555a2c74,,,0,[],8387822914298b7c942343e9d86629a59f37f645cc93d0076ae8962fc5866989
d2lce_fb9ad6a6ac7e4ba9167913e1,d2lce_fb9ad6a6ac7e4ba9167913e1,Collaborative Filtering,development,ambiguous,GLOSSARY_EXACT,collaborative filtering,lọc cộng tác,,c775d6b4998e6243ec5d11f950e67679555a2c74,c184a3ca9d1a056a4ec2fe7372f67e8702fce92e0036da006913baa99eb0ee18,87,1,"[{""discussion"":""[https://git.io/JfjST](https://git.io/JfjST)"",""english"":""collaborative filtering"",""entry_sha256"":""c184a3ca9d1a056a4ec2fe7372f67e8702fce92e0036da006913baa99eb0ee18"",""line_number"":87,""qualifier"":null,""vietnamese"":""lọc cộng tác""}]",7865a7641dc1ac279cf39047467f49c3cc57e60f368ea49643e5039cd91cdfdd
d2lce_fbe9efe0d390976cb31e5af7,d2lce_fbe9efe0d390976cb31e5af7,forward propagation,development,collision_or_multi_target,GLOSSARY_MISSING,,,,c775d6b4998e6243ec5d11f950e67679555a2c74,,,0,[],5367dff3f414914edb4f7b5cbb8737bc03b3ed835390ade575c7a99108452a39
