term_id,sense_id,source_term,split,risk_class,risk_reasons,active_real_positive_context_count,review_requirement,risk_record_sha256
d2lce_00c0e4f7d0d5537d738af8a7,d2lce_00c0e4f7d0d5537d738af8a7,symmetry,validation,R2_MISSING,NO_GLOSSARY_MATCH,8,ONE_REVIEWER_REQUIRED,12f7393da490dfe947fc89c18174a7fcc2704b8686be6468418627ea0b5128cd
d2lce_00f50f89defd8652bb8c429e,d2lce_00f50f89defd8652bb8c429e,sigmoid function,development,R3_AMBIGUOUS,V3_STRATUM_COLLISION_OR_MULTI_TARGET,8,TWO_INDEPENDENT_REVIEWERS_THEN_ADJUDICATE_DISAGREEMENT,f8520a3569e2a36cc130fb1d1a8012823f126aaae2f653a3a84d8b1ec27d8981
d2lce_041add3a2f3aa452408a5384,d2lce_041add3a2f3aa452408a5384,style transfer,test,R3_AMBIGUOUS,V3_STRATUM_AMBIGUOUS,6,TWO_INDEPENDENT_REVIEWERS_THEN_ADJUDICATE_DISAGREEMENT,0e95f506be225e8cbd57d299b240527a8463abf52e31d57c221b5643fae01305
d2lce_04b7107b328dedc7c1f9af65,d2lce_04b7107b328dedc7c1f9af65,minibatch,development,R3_AMBIGUOUS,V3_STRATUM_AMBIGUOUS,5,TWO_INDEPENDENT_REVIEWERS_THEN_ADJUDICATE_DISAGREEMENT,0ba0b7a38d255f4278c60b9c3a08f7cb23888c3ee4d200b522b1765fef9d7973
d2lce_06b54fbb7406aced0daac405,d2lce_06b54fbb7406aced0daac405,positions,development,R3_AMBIGUOUS,V3_STRATUM_COLLISION_OR_MULTI_TARGET,7,TWO_INDEPENDENT_REVIEWERS_THEN_ADJUDICATE_DISAGREEMENT,0ada95edd5697e7a55d80b6474764f0ea8a5c65f552a65958d4b5f439c50cd44
d2lce_0a19e86b29b5e64f79a45ddc,d2lce_0a19e86b29b5e64f79a45ddc,convex function,development,R3_AMBIGUOUS,V3_STRATUM_COLLISION_OR_MULTI_TARGET,8,TWO_INDEPENDENT_REVIEWERS_THEN_ADJUDICATE_DISAGREEMENT,ce7755b66f5c431bd866520f67242a737f76c90fec6baf8b25b56e878d3bee59
d2lce_0ac8f3308547fb001c31e869,d2lce_0ac8f3308547fb001c31e869,MLP,development,R3_AMBIGUOUS,V3_STRATUM_COLLISION_OR_MULTI_TARGET,7,TWO_INDEPENDENT_REVIEWERS_THEN_ADJUDICATE_DISAGREEMENT,81af72a7c516be90094f2a89d160e680d1bd4a1acb579dbf88c2415031726b0c
d2lce_0dbb5a3cc045f69a43d09a7a,d2lce_0dbb5a3cc045f69a43d09a7a,BPR,validation,R2_MISSING,NO_GLOSSARY_MATCH,8,ONE_REVIEWER_REQUIRED,57f6f2e00e11981a50c3b17d3946c4468bcee176139957a4b10155cb871103aa
d2lce_0e100796a86968fbdb5730e8,d2lce_0e100796a86968fbdb5730e8,bus,test,R3_AMBIGUOUS,V3_STRATUM_COLLISION_OR_MULTI_TARGET,4,TWO_INDEPENDENT_REVIEWERS_THEN_ADJUDICATE_DISAGREEMENT,26568a5b7f35862ceeba2459a1a9ff32b75fa3026b2d29206c82a58b9d0ef93b
d2lce_10d4d01fa40b67d92527e5ed,d2lce_10d4d01fa40b67d92527e5ed,eigendecomposition,development,R3_AMBIGUOUS,V3_STRATUM_COLLISION_OR_MULTI_TARGET,8,TWO_INDEPENDENT_REVIEWERS_THEN_ADJUDICATE_DISAGREEMENT,39c7e1bf3d503e1923a8fed25867cf40801419bcc57367ab1eb390f46c569294
d2lce_11e1c294000ac67785408dcd,d2lce_11e1c294000ac67785408dcd,null hypothesis,development,R0_CLEAR,CLEAR_V3_STRATUM_WITH_REAL_POSITIVE_CONTEXT,8,BLIND_AUDIT_RANDOM_10_TO_20_PERCENT,a7b00e850af0d937b3f36be021e4092e7c1a5cb2dd628bbc52a3eaaab48e52ee
d2lce_144baca5ccb9be2154705e92,d2lce_144baca5ccb9be2154705e92,dependency,validation,R2_MISSING,NO_GLOSSARY_MATCH,7,ONE_REVIEWER_REQUIRED,1b940f7996ca621f83cc6f646c4e1253ecc34df557e6fa6d1001380fd8eff824
d2lce_152a9bcc9b8b5f6cc5586c54,d2lce_152a9bcc9b8b5f6cc5586c54,minibatch size,development,R3_AMBIGUOUS,V3_STRATUM_AMBIGUOUS,6,TWO_INDEPENDENT_REVIEWERS_THEN_ADJUDICATE_DISAGREEMENT,e08ea3931cd6bb84b8e2b86d1e567017e6d501bee76f0c9dee704a6cd87af692
d2lce_18c3da2d5bdd6d05a83982fa,d2lce_18c3da2d5bdd6d05a83982fa,attention scoring function,development,R3_AMBIGUOUS,V3_STRATUM_COLLISION_OR_MULTI_TARGET,8,TWO_INDEPENDENT_REVIEWERS_THEN_ADJUDICATE_DISAGREEMENT,943eb6dad497d47ce81dcfea394f4d6bf7c6e7b8f04e17994cbb9f9ce407ad2f
d2lce_1a91fdded89249a5cd89ec14,d2lce_1a91fdded89249a5cd89ec14,Jupyter notebook,development,R3_AMBIGUOUS,V3_STRATUM_AMBIGUOUS,8,TWO_INDEPENDENT_REVIEWERS_THEN_ADJUDICATE_DISAGREEMENT,666bc1733839717a2bf4431da7efad80e00e38de89d09ff6f0fe2ecfbb1f6442
d2lce_1cc990a2aa4f03a55ea8c851,d2lce_1cc990a2aa4f03a55ea8c851,object detection model,development,R2_MISSING,NO_GLOSSARY_MATCH,7,ONE_REVIEWER_REQUIRED,14ac5b427d6c4f8c8f325e1487c293c9fe5d946ec138fe134e0d4213cb7f417f
d2lce_1edc567804c90f134219a8f0,d2lce_1edc567804c90f134219a8f0,synchronize,development,R3_AMBIGUOUS,V3_STRATUM_COLLISION_OR_MULTI_TARGET,8,TWO_INDEPENDENT_REVIEWERS_THEN_ADJUDICATE_DISAGREEMENT,762ce74ff147f809227cb236cbfe15d4b39cd9fcbe3dcb6d6ebff192fefe46bb
d2lce_1ff0c13e857af8ab6956fc96,d2lce_1ff0c13e857af8ab6956fc96,statistical inference,validation,R3_AMBIGUOUS,MULTIPLE_GLOSSARY_ENTRIES|V3_STRATUM_COLLISION_OR_MULTI_TARGET,2,TWO_INDEPENDENT_REVIEWERS_THEN_ADJUDICATE_DISAGREEMENT,e4e7f118ae5ce31eba99c5b3b87e59043887ebce436d5ffcd5dfb1b99f1e7848
d2lce_20a7e6887718c68fb6b88a05,d2lce_20a7e6887718c68fb6b88a05,beta,development,R2_MISSING,NO_GLOSSARY_MATCH,8,ONE_REVIEWER_REQUIRED,e0b303b7376cfac404b51fbe70e52ec6d3d2fd4a85275888b68830cb6c8a0d43
d2lce_20c658fd4e221ee551790ec2,d2lce_20c658fd4e221ee551790ec2,blocks,test,R3_AMBIGUOUS,V3_STRATUM_COLLISION_OR_MULTI_TARGET,8,TWO_INDEPENDENT_REVIEWERS_THEN_ADJUDICATE_DISAGREEMENT,6a533797b01334911d55cf7013c7fd74d5b792d2294e9934c6e554ed950e7794
d2lce_20dc13bc32661f00e7c68b89,d2lce_20dc13bc32661f00e7c68b89,DenseNet,test,R3_AMBIGUOUS,V3_STRATUM_AMBIGUOUS,8,TWO_INDEPENDENT_REVIEWERS_THEN_ADJUDICATE_DISAGREEMENT,7a44c6c631c114a7e1b02efef748f9e0b191f0105673f240dc81b20b8d4f159f
d2lce_22496a6fabe26e046ad5d5ac,d2lce_22496a6fabe26e046ad5d5ac,generalization,validation,R3_AMBIGUOUS,V3_STRATUM_AMBIGUOUS,3,TWO_INDEPENDENT_REVIEWERS_THEN_ADJUDICATE_DISAGREEMENT,1893145b7a5c4b8719969ff411ecc95a224fc34a14b4c5e480676898c1e62a94
d2lce_2485cc2d1b2606bcc62d63c1,d2lce_2485cc2d1b2606bcc62d63c1,sigmoid activation function,development,R2_MISSING,NO_GLOSSARY_MATCH,8,ONE_REVIEWER_REQUIRED,415442352ddc106251d424e3c9ed123a710c124543097de81d99293f74089c90
d2lce_24988c975f984ef488776c0b,d2lce_24988c975f984ef488776c0b,frontend,development,R3_AMBIGUOUS,V3_STRATUM_COLLISION_OR_MULTI_TARGET,8,TWO_INDEPENDENT_REVIEWERS_THEN_ADJUDICATE_DISAGREEMENT,ff47cacba7876e6ed60061e71c2fce880ffe7168d6f52135e6c1b1bd3d2ebae7
d2lce_2684090fd4500122fec2a334,d2lce_2684090fd4500122fec2a334,in place,development,R4_SPLIT_OR_POS_RISK,KNOWN_SPLIT_OR_POS_CASE,8,MANDATORY_ADJUDICATION,5a6679015c750567bc3f8b7cc6fb81d1db29048e50d9e1ce79745639650b70a3
d2lce_270e1a75bb70807d9c2dd507,d2lce_270e1a75bb70807d9c2dd507,channels,development,R3_AMBIGUOUS,V3_STRATUM_COLLISION_OR_MULTI_TARGET,5,TWO_INDEPENDENT_REVIEWERS_THEN_ADJUDICATE_DISAGREEMENT,f750753a3e6bf661e20c5b0d7a6b5041323b95be2d509cb3c47047bd7bfac7e0
d2lce_28ab2b419f6b871a62a06060,d2lce_28ab2b419f6b871a62a06060,Approximate Training,development,R3_AMBIGUOUS,V3_STRATUM_AMBIGUOUS,8,TWO_INDEPENDENT_REVIEWERS_THEN_ADJUDICATE_DISAGREEMENT,04ab91a9da8b726f29e001685d59333dc5ba3f5800d2c0b91f1a6a3cfb93d1bb
d2lce_2b76c0f26436945cdf880aed,d2lce_2b76c0f26436945cdf880aed,statistical power,development,R3_AMBIGUOUS,V3_STRATUM_COLLISION_OR_MULTI_TARGET,1,TWO_INDEPENDENT_REVIEWERS_THEN_ADJUDICATE_DISAGREEMENT,f13722186ac0814fdefb09c349ebe084f9672220899b47d226411f3c52e79a9f
d2lce_2b9f63478b6ef59511a4f930,d2lce_2b9f63478b6ef59511a4f930,pooling layer,development,R3_AMBIGUOUS,V3_STRATUM_COLLISION_OR_MULTI_TARGET,4,TWO_INDEPENDENT_REVIEWERS_THEN_ADJUDICATE_DISAGREEMENT,48fae28522fa64239b7ad86ca49a9f33bdd05b55d86f586a22b73585d29bb9d9
d2lce_2e41378b04489016bfe5707a,d2lce_2e41378b04489016bfe5707a,semantic segmentation,test,R3_AMBIGUOUS,V3_STRATUM_AMBIGUOUS,6,TWO_INDEPENDENT_REVIEWERS_THEN_ADJUDICATE_DISAGREEMENT,926ab37d7223d366b782d996420c8f6db5952b94fd1ff39274c81990d6775a3d
d2lce_355f5686f2178281893eb6cb,d2lce_355f5686f2178281893eb6cb,SSDs,test,R3_AMBIGUOUS,V3_STRATUM_COLLISION_OR_MULTI_TARGET,3,TWO_INDEPENDENT_REVIEWERS_THEN_ADJUDICATE_DISAGREEMENT,67bdc0882eeb0aabdc88c66772ef9f4cf1ae105846c408858e1f791b8d726ab9
d2lce_35df896f9860f8aac814ce37,d2lce_35df896f9860f8aac814ce37,PCIe,test,R2_MISSING,NO_GLOSSARY_MATCH,3,ONE_REVIEWER_REQUIRED,12f0577044cd4cab61fa2e337949d0b6ee62485607e21efc40056fd496f2b553
d2lce_382e4bbab285d56a08249753,d2lce_382e4bbab285d56a08249753,contexts,development,R3_AMBIGUOUS,KNOWN_BLIND_OR_LEGACY_ADJUDICATION_CASE,8,TWO_INDEPENDENT_REVIEWERS_THEN_ADJUDICATE_DISAGREEMENT,23e2cb719713370fdb1956db0bf20ab19eed4f4736c0833c7afb2807f2ccce63
d2lce_3b6a75bdbf023ea1f3ed2cc8,d2lce_3b6a75bdbf023ea1f3ed2cc8,regression,validation,R3_AMBIGUOUS,V3_STRATUM_AMBIGUOUS,5,TWO_INDEPENDENT_REVIEWERS_THEN_ADJUDICATE_DISAGREEMENT,02e317cb856690a99342beaa84b9dba052d48ae46c8716bb5f79cf6e85f23ee1
d2lce_3e633e212e54590ca20bfc99,d2lce_3e633e212e54590ca20bfc99,norm,test,R3_AMBIGUOUS,V3_STRATUM_COLLISION_OR_MULTI_TARGET,5,TWO_INDEPENDENT_REVIEWERS_THEN_ADJUDICATE_DISAGREEMENT,01661872387963f94520063a44aff28de1b8269111ffcfa09d215ef720da8a37
d2lce_401e038a0835f7c5733a9857,d2lce_401e038a0835f7c5733a9857,hidden layer,development,R3_AMBIGUOUS,V3_STRATUM_COLLISION_OR_MULTI_TARGET,8,TWO_INDEPENDENT_REVIEWERS_THEN_ADJUDICATE_DISAGREEMENT,a6e1b235013cdd19078c538f4ad0fa66ee7c6dd78cbcadf93252b19fdc84d038
d2lce_40a50503f2fdc79aa0a549fc,d2lce_40a50503f2fdc79aa0a549fc,Sequential,development,R3_AMBIGUOUS,V3_STRATUM_AMBIGUOUS,5,TWO_INDEPENDENT_REVIEWERS_THEN_ADJUDICATE_DISAGREEMENT,4595f8bc45b1b879fb14c4f31bca76114a7e754d322cd633b2682172160010cf
d2lce_41109297e6bf8f44d9bb9178,d2lce_41109297e6bf8f44d9bb9178,question answering,validation,R3_AMBIGUOUS,V3_STRATUM_AMBIGUOUS,8,TWO_INDEPENDENT_REVIEWERS_THEN_ADJUDICATE_DISAGREEMENT,72f558345159ef2dff8375cac76286ac980263f03dd3bbab8e1f0611e0d5e7ad
d2lce_42900db05a19228ce33eafe0,d2lce_42900db05a19228ce33eafe0,ReLU activation,development,R2_MISSING,NO_GLOSSARY_MATCH,7,ONE_REVIEWER_REQUIRED,909527664421c8858cf3ad9cace462dadbb72dd60ada58ce3a14977897e22e49
d2lce_43488a3e1f15598ac9b1b6bc,d2lce_43488a3e1f15598ac9b1b6bc,RNN encoder-decoder,test,R2_MISSING,NO_GLOSSARY_MATCH,8,ONE_REVIEWER_REQUIRED,85ce74544786dae16028fc8a4638b82ffcc66ab834b209d977b0dbf9e37a3a15
d2lce_455f2de181035ca8388c30b0,d2lce_455f2de181035ca8388c30b0,minima,development,R2_MISSING,NO_GLOSSARY_MATCH,7,ONE_REVIEWER_REQUIRED,43006c2c94f18a3a2c3a52668084fbbcae19dda940d99f99842f95e40a024c9f
d2lce_46e81052dcb25b16e429062a,d2lce_46e81052dcb25b16e429062a,constant,test,R3_AMBIGUOUS,V3_STRATUM_COLLISION_OR_MULTI_TARGET,7,TWO_INDEPENDENT_REVIEWERS_THEN_ADJUDICATE_DISAGREEMENT,57da3acc0575929b7ef0ebc7b5ab2222cc413796c59663eea8866e547741ad88
d2lce_49603071e9c21eb4bcbdf1e7,d2lce_49603071e9c21eb4bcbdf1e7,mean squared error,development,R3_AMBIGUOUS,V3_STRATUM_AMBIGUOUS,8,TWO_INDEPENDENT_REVIEWERS_THEN_ADJUDICATE_DISAGREEMENT,a4b873b5f2af4a10c789ea0825c04b238515027a32c0500619770da6a598226a
d2lce_499fa9391d57e930a19f1b19,d2lce_499fa9391d57e930a19f1b19,broadcasting,development,R2_MISSING,NO_GLOSSARY_MATCH,7,ONE_REVIEWER_REQUIRED,8f0a9d818243cbc17d8e33821f68d4d843cb2dda23893b9c2808e005ae3c314f
d2lce_4a5f20bb32b66b1f07d9f37a,d2lce_4a5f20bb32b66b1f07d9f37a,attention,validation,R3_AMBIGUOUS,V3_STRATUM_AMBIGUOUS,3,TWO_INDEPENDENT_REVIEWERS_THEN_ADJUDICATE_DISAGREEMENT,a082b5ab2293eb1e4c8359fc11d0c46d0c514f0065cdd6a831d9964694f17410
d2lce_4abd762bcd34d370b4fe6498,d2lce_4abd762bcd34d370b4fe6498,BatchNorm,development,R2_MISSING,NO_GLOSSARY_MATCH,8,ONE_REVIEWER_REQUIRED,eef87b5ff5e73486b432c332e1c2bdf8155de0c6f4d5293fd67ca48d632d23fb
d2lce_4d2b37402e25d2f56746ea23,d2lce_4d2b37402e25d2f56746ea23,custom layer,development,R3_AMBIGUOUS,V3_STRATUM_COLLISION_OR_MULTI_TARGET,8,TWO_INDEPENDENT_REVIEWERS_THEN_ADJUDICATE_DISAGREEMENT,214e50c4634d98a6d3196c885f9e603e7f542e49241430864333fbe30f34cfdd
d2lce_4f85955c4fd10e184dc97d32,d2lce_4f85955c4fd10e184dc97d32,observation,validation,R3_AMBIGUOUS,V3_STRATUM_COLLISION_OR_MULTI_TARGET,6,TWO_INDEPENDENT_REVIEWERS_THEN_ADJUDICATE_DISAGREEMENT,81425cbfae1d704a1ac042146985cf6b002bd2fa351ffd138b3091616749d452
d2lce_52085fef12f840d2350b2049,d2lce_52085fef12f840d2350b2049,Caser,development,R2_MISSING,NO_GLOSSARY_MATCH,8,ONE_REVIEWER_REQUIRED,da0f262fcb2a3578d255da7969e41ab045d4b7d33cce73b1f5ecc35f04329ba5
d2lce_5300144b7f5b4ce29dd12ec6,d2lce_5300144b7f5b4ce29dd12ec6,spatial dimensions,development,R2_MISSING,NO_GLOSSARY_MATCH,8,ONE_REVIEWER_REQUIRED,e10416f0ca08d64dcb244d689ef39b77df66d5574d28e2651f42b49290887cdb
d2lce_539543a2360129e2a2fa1b6d,d2lce_539543a2360129e2a2fa1b6d,affine transformation,development,R2_MISSING,NO_GLOSSARY_MATCH,7,ONE_REVIEWER_REQUIRED,14684d6e08f3fd8e4f4395ac7d73c8a01c39e14a1a7ab3ed9ac37a286485b05d
d2lce_53c32398310471fac3dacf35,d2lce_53c32398310471fac3dacf35,bit,development,R2_MISSING,NO_GLOSSARY_MATCH,8,ONE_REVIEWER_REQUIRED,4020c2678b9c029e9863ff6e712101b8f023f8a9378f13bfc7a1dad8171619a5
d2lce_54e0621e7c3812cb511231dc,d2lce_54e0621e7c3812cb511231dc,lanes,test,R2_MISSING,NO_GLOSSARY_MATCH,7,ONE_REVIEWER_REQUIRED,7be42648e3bd54d396ab035fba52ff9f51f6e278931e380b01e6df739ab5b1e5
d2lce_5c270f3b3ebe4f0059649e18,d2lce_5c270f3b3ebe4f0059649e18,noise words,development,R3_AMBIGUOUS,V3_STRATUM_AMBIGUOUS,8,TWO_INDEPENDENT_REVIEWERS_THEN_ADJUDICATE_DISAGREEMENT,4e561b8583afe178f7b6c1b57c621bf2d6d10b193ddce0334176b2fa68a702a0
d2lce_609638f74bc5b32d32469bbc,d2lce_609638f74bc5b32d32469bbc,natural language processing,development,R3_AMBIGUOUS,V3_STRATUM_AMBIGUOUS,7,TWO_INDEPENDENT_REVIEWERS_THEN_ADJUDICATE_DISAGREEMENT,5ab3b8e11cb91a00b5e6cb887662a8babb1274fc879ac54743a4273e6b5b837c
d2lce_6239b2ef1cec1800e3d6f13f,d2lce_6239b2ef1cec1800e3d6f13f,Concept Shift,development,R3_AMBIGUOUS,V3_STRATUM_AMBIGUOUS,8,TWO_INDEPENDENT_REVIEWERS_THEN_ADJUDICATE_DISAGREEMENT,9791b8bfbb6bc89aab120ae03a65860c9a885e1aeaa4bc943e6b064bb71b32e9
d2lce_658174b1687c73f5aa1957ab,d2lce_658174b1687c73f5aa1957ab,Tanh Function,validation,R3_AMBIGUOUS,V3_STRATUM_AMBIGUOUS,8,TWO_INDEPENDENT_REVIEWERS_THEN_ADJUDICATE_DISAGREEMENT,576be9a63b5a2667210d40faaec76500ae1cd1a60008b94bf6406793ccaa9a06
d2lce_6898a7f7f35ca368f75fda48,d2lce_6898a7f7f35ca368f75fda48,multi-GPU training,development,R3_AMBIGUOUS,V3_STRATUM_AMBIGUOUS,7,TWO_INDEPENDENT_REVIEWERS_THEN_ADJUDICATE_DISAGREEMENT,2d543e04bcab9333434200c9bad10e6d92732da682fd8266cf090597ff3b22ff
d2lce_6b1b75f43b72ec9bace62065,d2lce_6b1b75f43b72ec9bace62065,transpose,test,R2_MISSING,NO_GLOSSARY_MATCH,7,ONE_REVIEWER_REQUIRED,c725f66fff545ea15395e285c75411e2aa72bd5a38f3c61e595b68c3040550d2
d2lce_6c7e95cd232fb7fcca6b3bdc,d2lce_6c7e95cd232fb7fcca6b3bdc,Control Flow,development,R3_AMBIGUOUS,V3_STRATUM_AMBIGUOUS,8,TWO_INDEPENDENT_REVIEWERS_THEN_ADJUDICATE_DISAGREEMENT,f5bc8d46fd1ca8de9450d6d08033be39133030b2ca5d2c3320ddc60b609dc703
d2lce_6f20c5222ebea4830603817b,d2lce_6f20c5222ebea4830603817b,symbols,development,R3_AMBIGUOUS,V3_STRATUM_COLLISION_OR_MULTI_TARGET,8,TWO_INDEPENDENT_REVIEWERS_THEN_ADJUDICATE_DISAGREEMENT,85bb8880c122ec3f64b6aecc41d0801e68922004e8f6b46977b1c0e9b800fc7f
d2lce_6f3afd43e74e8d70778dc0c8,d2lce_6f3afd43e74e8d70778dc0c8,Warmup,development,R3_AMBIGUOUS,V3_STRATUM_COLLISION_OR_MULTI_TARGET,7,TWO_INDEPENDENT_REVIEWERS_THEN_ADJUDICATE_DISAGREEMENT,30d1fcd346f1c1630dfdacb832a5bb5fa6f59ca4c21e77ef66334f6797a3f31f
d2lce_7070b47672fcb2311c0527b6,d2lce_7070b47672fcb2311c0527b6,classification problems,validation,R3_AMBIGUOUS,V3_STRATUM_COLLISION_OR_MULTI_TARGET,7,TWO_INDEPENDENT_REVIEWERS_THEN_ADJUDICATE_DISAGREEMENT,ddb456e9b94d7b863b5f971f0422d79bd202da52bd6f34477f22093cd4f3a009
d2lce_73c8ce2915c4c64a52fab4a2,d2lce_73c8ce2915c4c64a52fab4a2,Generator,development,R2_MISSING,NO_GLOSSARY_MATCH,6,ONE_REVIEWER_REQUIRED,52dc1ff2f930bc0e9ba8ce7ade011f75de215a38864afa8c22598b20a3be8ae1
d2lce_73dbe839de3f1d00bf1226f0,d2lce_73dbe839de3f1d00bf1226f0,uncertainty,validation,R2_MISSING,NO_GLOSSARY_MATCH,8,ONE_REVIEWER_REQUIRED,d0ae56227672b215242ae3145f70d3615caaa4c8014bb82ae704b0996e098d5a
d2lce_776fd3328d5e31aeebe484ec,d2lce_776fd3328d5e31aeebe484ec,keys,development,R3_AMBIGUOUS,V3_STRATUM_COLLISION_OR_MULTI_TARGET,6,TWO_INDEPENDENT_REVIEWERS_THEN_ADJUDICATE_DISAGREEMENT,e5906ac2665512bf3d175448c499fec882f81f46b6101ced183699af452ebcde
d2lce_7be1455c48134d411f51fe7c,d2lce_7be1455c48134d411f51fe7c,VGG network,test,R2_MISSING,NO_GLOSSARY_MATCH,8,ONE_REVIEWER_REQUIRED,de4a52d5e11c557341c07e5b5359826dcfcad33fa1049cef9ac291545bf037fe
d2lce_7c27fa40b039d07e81508741,d2lce_7c27fa40b039d07e81508741,convolution kernel,validation,R3_AMBIGUOUS,V3_STRATUM_COLLISION_OR_MULTI_TARGET,5,TWO_INDEPENDENT_REVIEWERS_THEN_ADJUDICATE_DISAGREEMENT,2127ae1cb8ece12a640163d19d13f2057c9652d94b4533c715df2a6bf8b2f576
d2lce_7d7b617aacd41c76538d06af,d2lce_7d7b617aacd41c76538d06af,constructor,development,R2_MISSING,NO_GLOSSARY_MATCH,8,ONE_REVIEWER_REQUIRED,3acdf61268ca8f6357cbd9d55dc8827c1b683aec1dd8c91dc0b59c6710ebee28
d2lce_7d91b65d1e0031ab994be237,d2lce_7d91b65d1e0031ab994be237,shape,validation,R3_AMBIGUOUS,V3_STRATUM_AMBIGUOUS,6,TWO_INDEPENDENT_REVIEWERS_THEN_ADJUDICATE_DISAGREEMENT,2f87eca85d4cabaf351162fc748749d9e047050ebd866651f9febc7bb55664dd
d2lce_7ef8ed3f93210606a27312a4,d2lce_7ef8ed3f93210606a27312a4,Adam,development,R3_AMBIGUOUS,KNOWN_BLIND_OR_LEGACY_ADJUDICATION_CASE,6,TWO_INDEPENDENT_REVIEWERS_THEN_ADJUDICATE_DISAGREEMENT,b942f771e63a3c747c8722448c12c77f9096ab616d171dbffc22c6537cc31b9c
d2lce_80f4d6555a6ea1d2e5e881a1,d2lce_80f4d6555a6ea1d2e5e881a1,bidirectional RNN,development,R3_AMBIGUOUS,V3_STRATUM_AMBIGUOUS,8,TWO_INDEPENDENT_REVIEWERS_THEN_ADJUDICATE_DISAGREEMENT,a37ed69491824d6f3e55860a8f7f17f063b23777299a9f74b36e325d75fe3950
d2lce_8373decbb6e405f0386ec8a0,d2lce_8373decbb6e405f0386ec8a0,Initialization,development,R3_AMBIGUOUS,V3_STRATUM_COLLISION_OR_MULTI_TARGET,7,TWO_INDEPENDENT_REVIEWERS_THEN_ADJUDICATE_DISAGREEMENT,b0cf54e20586365ec0452ab66320cd632ac716664bddfe69bac00c36c648580c
d2lce_88251c1ff8b5d3756955ca7b,d2lce_88251c1ff8b5d3756955ca7b,region of interest pooling layer,development,R2_MISSING,NO_GLOSSARY_MATCH,8,ONE_REVIEWER_REQUIRED,294a07fe120b936a284d3133344c04ffd6f82c8bba542d194245aaa4fd0a811a
d2lce_89406dadb8c277a1b688698c,d2lce_89406dadb8c277a1b688698c,address,validation,R3_AMBIGUOUS,V3_STRATUM_COLLISION_OR_MULTI_TARGET,4,TWO_INDEPENDENT_REVIEWERS_THEN_ADJUDICATE_DISAGREEMENT,cb7491a07c46929aa5596597957e5209f94b335cc9108de625018d3be54a1596
d2lce_8d226b48ba7ec1493faa4ec8,d2lce_8d226b48ba7ec1493faa4ec8,Gradient Clipping,development,R0_CLEAR,CLEAR_V3_STRATUM_WITH_REAL_POSITIVE_CONTEXT,7,BLIND_AUDIT_RANDOM_10_TO_20_PERCENT,5686dd8a8a797cab9299bbe0c360f31d1dcfdb4f8ed490154a752b566c07f19b
d2lce_8de4d36bcb2f1ad2291dd52e,d2lce_8de4d36bcb2f1ad2291dd52e,feature interactions,test,R2_MISSING,NO_GLOSSARY_MATCH,5,ONE_REVIEWER_REQUIRED,319ad560b693a004ebf5fa2fecbe438a2958736c8a1354c19337c6600ef4c851
d2lce_91002293cea2184b43995f47,d2lce_91002293cea2184b43995f47,switch,test,R3_AMBIGUOUS,V3_STRATUM_AMBIGUOUS,1,TWO_INDEPENDENT_REVIEWERS_THEN_ADJUDICATE_DISAGREEMENT,29c9567a52da57e37e39a5c1df44df131b529c1d8108c5c396bbc7f280e8a74c
d2lce_9199c3ba27076b186a42df23,d2lce_9199c3ba27076b186a42df23,generalization error,validation,R3_AMBIGUOUS,V3_STRATUM_AMBIGUOUS,8,TWO_INDEPENDENT_REVIEWERS_THEN_ADJUDICATE_DISAGREEMENT,173904563f23240295f6dcd429f1e86f2ec256bb5cd558dc86c473ccd3835532
d2lce_9372cdb5752db6ba6fa38fbd,d2lce_9372cdb5752db6ba6fa38fbd,integration,development,R3_AMBIGUOUS,V3_STRATUM_AMBIGUOUS,6,TWO_INDEPENDENT_REVIEWERS_THEN_ADJUDICATE_DISAGREEMENT,7afd340d00ce2234436655b91854a0a10a54fee2bb79f7f8a23fc713c40fd229
d2lce_963a14fc5042969e330bb020,d2lce_963a14fc5042969e330bb020,two-dimensional cross-correlation operation,development,R3_AMBIGUOUS,V3_STRATUM_AMBIGUOUS,8,TWO_INDEPENDENT_REVIEWERS_THEN_ADJUDICATE_DISAGREEMENT,42b0aa8efb2c8e4ccf5c46000e6c4314414ea0676c529c508a36e026352e9377
d2lce_98211ac6b2c27c6359ce6dae,d2lce_98211ac6b2c27c6359ce6dae,inverse,test,R3_AMBIGUOUS,V3_STRATUM_COLLISION_OR_MULTI_TARGET,8,TWO_INDEPENDENT_REVIEWERS_THEN_ADJUDICATE_DISAGREEMENT,702240d88e761a1522a48ab369fb7d84b88917722444083815d4778ed1b7f4fd
d2lce_98b37a7bcb47cd2ef2e5f296,d2lce_98b37a7bcb47cd2ef2e5f296,fully-connected layers,development,R3_AMBIGUOUS,KNOWN_BLIND_OR_LEGACY_ADJUDICATION_CASE,7,TWO_INDEPENDENT_REVIEWERS_THEN_ADJUDICATE_DISAGREEMENT,9079915848c69ff6dd3ff6194450e1b5098a86868b84a10c9a922028e491ddb2
d2lce_9bd5113780f8e8160a24e6ad,d2lce_9bd5113780f8e8160a24e6ad,underflow,development,R1_QUALIFIED,QUALIFIER_REQUIRES_CONFIRMATION,8,ONE_REVIEWER_CONFIRMATION,a80c7430758d006204a0ee3a4740da7550d88271c0dada22b3f20cf396ca4259
d2lce_9c874642b8c028465cfbb71e,d2lce_9c874642b8c028465cfbb71e,convex sets,development,R2_MISSING,NO_GLOSSARY_MATCH,8,ONE_REVIEWER_REQUIRED,c04b3702da047d36d31c80e615e499812c1e7de71aa6a10cd49ae2b212ea33c7
d2lce_9cee0f2f668259a2568b89f4,d2lce_9cee0f2f668259a2568b89f4,Skip-Gram Model,development,R3_AMBIGUOUS,V3_STRATUM_AMBIGUOUS,8,TWO_INDEPENDENT_REVIEWERS_THEN_ADJUDICATE_DISAGREEMENT,7e7aceb9dfdf3ad7df825de7830fe94d34c2d7288f3152158ddb75cab8035d57
d2lce_9e5c3dd254843c7ec95d4960,d2lce_9e5c3dd254843c7ec95d4960,unknown token,development,R2_MISSING,NO_GLOSSARY_MATCH,7,ONE_REVIEWER_REQUIRED,96601128bee5da9322349b51fa0057889f124aa14314fa6723274df0ebeaa2bb
d2lce_a1d9f9c783c09cc52dedbe55,d2lce_a1d9f9c783c09cc52dedbe55,likelihood,development,R2_MISSING,NO_GLOSSARY_MATCH,7,ONE_REVIEWER_REQUIRED,3bfeb5287cd6f2b2b6c3afda65b9865e329987d3b0c0dac8746e2099976f9a40
d2lce_a3e7228aef125ec437a840fa,d2lce_a3e7228aef125ec437a840fa,weighted average,development,R3_AMBIGUOUS,V3_STRATUM_AMBIGUOUS,8,TWO_INDEPENDENT_REVIEWERS_THEN_ADJUDICATE_DISAGREEMENT,eed0f2ff20419cf76d1c64701be46e4de3fc01d0a0a0c465e1dd63a41c5726d7
d2lce_a47c0fa6efae6f5b3c950575,d2lce_a47c0fa6efae6f5b3c950575,Update Gate,development,R3_AMBIGUOUS,V3_STRATUM_COLLISION_OR_MULTI_TARGET,8,TWO_INDEPENDENT_REVIEWERS_THEN_ADJUDICATE_DISAGREEMENT,c80f1b1604efb11466a5c5cec59cd4e6ce370f4f5359b40fafb7c40fb07ed76f
d2lce_a5537c415bcbe54cdd82a669,d2lce_a5537c415bcbe54cdd82a669,Label Shift,development,R2_MISSING,NO_GLOSSARY_MATCH,8,ONE_REVIEWER_REQUIRED,e7182f08396603b39d725dea06b3f208bd612b6b186b87c09392184c720ddd66
d2lce_a7105fea7b2b3447548b6d7a,d2lce_a7105fea7b2b3447548b6d7a,language model,development,R3_AMBIGUOUS,V3_STRATUM_COLLISION_OR_MULTI_TARGET,8,TWO_INDEPENDENT_REVIEWERS_THEN_ADJUDICATE_DISAGREEMENT,27a8231651f2f93ba9e5a55c03251830f0e72bb1552121ac0a57403be0b7b5d7
d2lce_abae8f75b732ffe9c8a965c0,d2lce_abae8f75b732ffe9c8a965c0,nonvolitional cue,development,R3_AMBIGUOUS,V3_STRATUM_COLLISION_OR_MULTI_TARGET,8,TWO_INDEPENDENT_REVIEWERS_THEN_ADJUDICATE_DISAGREEMENT,88180e5c00a05e74c198a62090130d220fb16a2d5e40058220bde882a94a770d
d2lce_ad03ff147d19eb2ea47d5b0e,d2lce_ad03ff147d19eb2ea47d5b0e,volitional cue,development,R3_AMBIGUOUS,V3_STRATUM_COLLISION_OR_MULTI_TARGET,7,TWO_INDEPENDENT_REVIEWERS_THEN_ADJUDICATE_DISAGREEMENT,a78c3b0bb57ec77743f1be64f6d5cc3ce774cd00cd405f108122f275bf67e99c
d2lce_ad0d7cbd5f90ad33075e89aa,d2lce_ad0d7cbd5f90ad33075e89aa,R-CNN,development,R3_AMBIGUOUS,V3_STRATUM_COLLISION_OR_MULTI_TARGET,8,TWO_INDEPENDENT_REVIEWERS_THEN_ADJUDICATE_DISAGREEMENT,8c0936247d30e491db462e26c64cd118ffd652190797347241f1780134ad9333
d2lce_ad13d119a140210b487eeb9c,d2lce_ad13d119a140210b487eeb9c,biases,test,R2_MISSING,NO_GLOSSARY_MATCH,3,ONE_REVIEWER_REQUIRED,f098e22cffd8a7493c91ca1d7475d3d8b335ab50207b1243dd5881e8d697c6e6
d2lce_addfcc9899bef06c500b6b0e,d2lce_addfcc9899bef06c500b6b0e,momentum,development,R0_CLEAR,CLEAR_V3_STRATUM_WITH_REAL_POSITIVE_CONTEXT,8,BLIND_AUDIT_RANDOM_10_TO_20_PERCENT,02837276bf452e2170d7b4c6c10e57fccd03368b0a1788db6f9f08094353584a
d2lce_b0fd0234a2a3049734e8011c,d2lce_b0fd0234a2a3049734e8011c,population,test,R0_CLEAR,CLEAR_V3_STRATUM_WITH_REAL_POSITIVE_CONTEXT,4,BLIND_AUDIT_RANDOM_10_TO_20_PERCENT,c454ca2ede650de199e7d0373e6d74c7ac563ce89fae5761c80469c0520678e7
d2lce_b5d6207f8142a696435e27e0,d2lce_b5d6207f8142a696435e27e0,Statistical Bias,development,R2_MISSING,NO_GLOSSARY_MATCH,8,ONE_REVIEWER_REQUIRED,d93803c200628d14ee61979f3f9b5a293c547f539035a3fa8f6890aabb9cc4dd
d2lce_b63485c15ac13f80b0d98676,d2lce_b63485c15ac13f80b0d98676,transposed convolutional layer,development,R3_AMBIGUOUS,V3_STRATUM_COLLISION_OR_MULTI_TARGET,8,TWO_INDEPENDENT_REVIEWERS_THEN_ADJUDICATE_DISAGREEMENT,d07f414ccbc4955d56093914d185472c6bffbb41f93273509b1c42bd0fd8e807
d2lce_b85d9a7a642afee03175796f,d2lce_b85d9a7a642afee03175796f,sequence data,development,R3_AMBIGUOUS,V3_STRATUM_AMBIGUOUS,6,TWO_INDEPENDENT_REVIEWERS_THEN_ADJUDICATE_DISAGREEMENT,36ab7ded75a15d34b4c12c25084c70f55aaa0f29101780cef388d22ae1efc2e6
d2lce_b967af36e17c22a478eaed6d,d2lce_b967af36e17c22a478eaed6d,padding tokens,test,R3_AMBIGUOUS,V3_STRATUM_AMBIGUOUS,8,TWO_INDEPENDENT_REVIEWERS_THEN_ADJUDICATE_DISAGREEMENT,5c63fd0a77360be338988497eda622a910bdb93ceada6370f458299dd8bdbe2c
d2lce_bb2aa6e567ff5ce9563e209b,d2lce_bb2aa6e567ff5ce9563e209b,binary classification,validation,R2_MISSING,NO_GLOSSARY_MATCH,8,ONE_REVIEWER_REQUIRED,fbd2370f268c689a4111b2dc2aac0c09d6a6a90b15fb9a3bd791796a3a776990
d2lce_bbf89ef89c96205886255dcf,d2lce_bbf89ef89c96205886255dcf,matrix factorization,validation,R3_AMBIGUOUS,V3_STRATUM_COLLISION_OR_MULTI_TARGET,8,TWO_INDEPENDENT_REVIEWERS_THEN_ADJUDICATE_DISAGREEMENT,4b2208927fde147c7ead753b11896c202cd9d75bfee01af25c5c6c2536e540b8
d2lce_bc240ce7b3e0abeb18f82a6b,d2lce_bc240ce7b3e0abeb18f82a6b,sensory input,development,R3_AMBIGUOUS,V3_STRATUM_COLLISION_OR_MULTI_TARGET,8,TWO_INDEPENDENT_REVIEWERS_THEN_ADJUDICATE_DISAGREEMENT,df1fb342a0d451158c01be97f13f94df0744667291cf91e994cd1ff4b419b2b0
d2lce_bee01b92f7b0b02cc1d77bd7,d2lce_bee01b92f7b0b02cc1d77bd7,second derivative,development,R2_MISSING,NO_GLOSSARY_MATCH,8,ONE_REVIEWER_REQUIRED,078c4a28bd2e5059f6516f3105c24b9d301acd0cfd1aa5e7e12f1a6f33394aef
d2lce_c01c503b792019c6e3827ac0,d2lce_c01c503b792019c6e3827ac0,interaction matrix,validation,R2_MISSING,NO_GLOSSARY_MATCH,6,ONE_REVIEWER_REQUIRED,a82101e2fcb069073b2a0303493df9d6e4d09d0cac33d25b83b528c3d297f792
d2lce_c343a692fe9bdfdabefe7687,d2lce_c343a692fe9bdfdabefe7687,maximum pooling layer,development,R2_MISSING,NO_GLOSSARY_MATCH,7,ONE_REVIEWER_REQUIRED,2a6896ec9caa9b710a3836d0802c49860c481a48cb9d69e5496ab922adcd52ff
d2lce_c3c46748b1a49e32c07ca9d7,d2lce_c3c46748b1a49e32c07ca9d7,iteration,development,R3_AMBIGUOUS,V3_STRATUM_COLLISION_OR_MULTI_TARGET,8,TWO_INDEPENDENT_REVIEWERS_THEN_ADJUDICATE_DISAGREEMENT,281f59aaf8c13dea10a1e5caf28f9b998b46bc8724bab54fc929cd676a4a5a64
d2lce_c47822c187c02e12aa499ec6,d2lce_c47822c187c02e12aa499ec6,distribution,test,R3_AMBIGUOUS,V3_STRATUM_COLLISION_OR_MULTI_TARGET,4,TWO_INDEPENDENT_REVIEWERS_THEN_ADJUDICATE_DISAGREEMENT,a293526eac81f318143313a975c1c91e66f4c5179f25e9f0d11b4c4ccac12749
d2lce_c4e87e5ee47d3e26ba618290,d2lce_c4e87e5ee47d3e26ba618290,convolutional neural networks,development,R3_AMBIGUOUS,V3_STRATUM_COLLISION_OR_MULTI_TARGET,7,TWO_INDEPENDENT_REVIEWERS_THEN_ADJUDICATE_DISAGREEMENT,0af350de867afce3c1202168be749356aac06131daff0c487c3e2ed5a00a1abe
d2lce_c6b4477a845e2e0e0e02f088,d2lce_c6b4477a845e2e0e0e02f088,output gate,development,R2_MISSING,NO_GLOSSARY_MATCH,8,ONE_REVIEWER_REQUIRED,74d9dce314b8e8bcf6ebceada5226e05767ccf5d99c132d8b4b2b963453eee0b
d2lce_c6c1c6e96c39b88a9f94e8d9,d2lce_c6c1c6e96c39b88a9f94e8d9,input gate,development,R3_AMBIGUOUS,V3_STRATUM_COLLISION_OR_MULTI_TARGET,8,TWO_INDEPENDENT_REVIEWERS_THEN_ADJUDICATE_DISAGREEMENT,a9bfb2534ee8113f64aef65930e16a4759e9fde7e65f997473e32e52f3c886e9
d2lce_c6d5679eb20ff0719dfc35b2,d2lce_c6d5679eb20ff0719dfc35b2,SSD,development,R3_AMBIGUOUS,V3_STRATUM_AMBIGUOUS,6,TWO_INDEPENDENT_REVIEWERS_THEN_ADJUDICATE_DISAGREEMENT,51da6da214762d7eba36caacf094c9975f6c6fc497ab4cb2edecab8d2bc6136c
d2lce_c9e2beab505998c5b3b560b5,d2lce_c9e2beab505998c5b3b560b5,risk,test,R3_AMBIGUOUS,V3_STRATUM_COLLISION_OR_MULTI_TARGET,4,TWO_INDEPENDENT_REVIEWERS_THEN_ADJUDICATE_DISAGREEMENT,4b3d5940d4a02cb162586325e755372476e1498df2145f77bc0289ec4d41a4b8
d2lce_ca2ca961829e131bbc0fd92b,d2lce_ca2ca961829e131bbc0fd92b,Entailment,development,R3_AMBIGUOUS,V3_STRATUM_AMBIGUOUS,8,TWO_INDEPENDENT_REVIEWERS_THEN_ADJUDICATE_DISAGREEMENT,c093909e86fe35c6eba467fa20ac54ba3b59b7fad183e24e544da5e99dcfdbf3
d2lce_cc4cb853eff638abcbdf7691,d2lce_cc4cb853eff638abcbdf7691,learning rate,development,R3_AMBIGUOUS,V3_STRATUM_AMBIGUOUS,7,TWO_INDEPENDENT_REVIEWERS_THEN_ADJUDICATE_DISAGREEMENT,931475b3b9961161dcd4a7c554c26d7b9dd6241f368879603b0dbebb16d0e2e9
d2lce_ccf7d0a5109d86ee76a75b9c,d2lce_ccf7d0a5109d86ee76a75b9c,multiple channels,development,R2_MISSING,NO_GLOSSARY_MATCH,5,ONE_REVIEWER_REQUIRED,ab1a3f4c5ad5f8a184f9c684a252e993c810df6593ca51de80c4fe7c550e974c
d2lce_ce222dd206341f61f2986f7a,d2lce_ce222dd206341f61f2986f7a,word embedding,development,R3_AMBIGUOUS,V3_STRATUM_AMBIGUOUS,8,TWO_INDEPENDENT_REVIEWERS_THEN_ADJUDICATE_DISAGREEMENT,57adb2ec26c889ecbb0bae58b3d9cfa0150d24a12614b5c97a641c421f55622a
d2lce_ceb82e896665f8c0cd942ed6,d2lce_ceb82e896665f8c0cd942ed6,MSE,development,R2_MISSING,NO_GLOSSARY_MATCH,7,ONE_REVIEWER_REQUIRED,499685e63c73dc343671ffca565f029afdc794ff5b5b42265c837ba6b4294169
d2lce_cf168d11faf5e675efa7e0a3,d2lce_cf168d11faf5e675efa7e0a3,objective,development,R3_AMBIGUOUS,V3_STRATUM_COLLISION_OR_MULTI_TARGET,7,TWO_INDEPENDENT_REVIEWERS_THEN_ADJUDICATE_DISAGREEMENT,534be8c15cffbb5b64a627ba6d56e48372495135598cb8eb892b6176d8e5c0e7
d2lce_d0b3a65c5f21e6064395a475,d2lce_d0b3a65c5f21e6064395a475,ground truth,validation,R3_AMBIGUOUS,V3_STRATUM_COLLISION_OR_MULTI_TARGET,7,TWO_INDEPENDENT_REVIEWERS_THEN_ADJUDICATE_DISAGREEMENT,20336cd9d258593c7cfa08129cc3a19ccfa99966b202c582ae3aa60b413bcf07
d2lce_d1ca2fd5568e11a79b1b3366,d2lce_d1ca2fd5568e11a79b1b3366,train,test,R3_AMBIGUOUS,V3_STRATUM_COLLISION_OR_MULTI_TARGET,6,TWO_INDEPENDENT_REVIEWERS_THEN_ADJUDICATE_DISAGREEMENT,cdfcef69b3047cd75c668fa444d1cefa70f7312f10eef0f2a3d1031d747102ff
d2lce_d2bfc7b3a0a02ddfd71b3526,d2lce_d2bfc7b3a0a02ddfd71b3526,convolutional layer,development,R3_AMBIGUOUS,V3_STRATUM_COLLISION_OR_MULTI_TARGET,6,TWO_INDEPENDENT_REVIEWERS_THEN_ADJUDICATE_DISAGREEMENT,7826dd1499f17a810399aee99732e3018a366aca7423ee5fa1406a8b86de6e2c
d2lce_d30763678be8999b747cf0ee,d2lce_d30763678be8999b747cf0ee,training data,development,R3_AMBIGUOUS,V3_STRATUM_AMBIGUOUS,4,TWO_INDEPENDENT_REVIEWERS_THEN_ADJUDICATE_DISAGREEMENT,348d749f09f7177464476550e45ef62c37dc036de9f9305cfbed36dd1946e31f
d2lce_d53294d467b28b07bf000b10,d2lce_d53294d467b28b07bf000b10,standardization,development,R3_AMBIGUOUS,V3_STRATUM_AMBIGUOUS,7,TWO_INDEPENDENT_REVIEWERS_THEN_ADJUDICATE_DISAGREEMENT,a78c7f4a46cc14c32548660186e04c4d1d287431be63cc67a46f6739d07ece74
d2lce_d7976d0b101e65c34c011871,d2lce_d7976d0b101e65c34c011871,vanishing gradients,development,R3_AMBIGUOUS,V3_STRATUM_AMBIGUOUS,7,TWO_INDEPENDENT_REVIEWERS_THEN_ADJUDICATE_DISAGREEMENT,002dcf50e8a7f1c5b07ce59324f93bc9aaec06bc63ba44f0ce865e555971341b
d2lce_d89e6e83e5f07d1fcb18c6aa,d2lce_d89e6e83e5f07d1fcb18c6aa,classification task,validation,R3_AMBIGUOUS,V3_STRATUM_COLLISION_OR_MULTI_TARGET,7,TWO_INDEPENDENT_REVIEWERS_THEN_ADJUDICATE_DISAGREEMENT,86db642dbe10aa1a205ddb85999351e1caf56f648c69d6f66fabd4ab1b9c0e96
d2lce_d8d3db5e12791f4de99286be,d2lce_d8d3db5e12791f4de99286be,linear regression,validation,R3_AMBIGUOUS,V3_STRATUM_AMBIGUOUS,8,TWO_INDEPENDENT_REVIEWERS_THEN_ADJUDICATE_DISAGREEMENT,07c15187be0003ce3a89a7dba2e17333d2db9d8ebd9280f10a8921a092760ea9
d2lce_d96258f97579b9b414c21815,d2lce_d96258f97579b9b414c21815,positional embeddings,development,R2_MISSING,NO_GLOSSARY_MATCH,8,ONE_REVIEWER_REQUIRED,d13bb048eba36df8e90ab4d6fb55df0d0c9936de90335b9f31cce7a31c6d0238
d2lce_dbb300a90e4b0f8b815b5e12,d2lce_dbb300a90e4b0f8b815b5e12,hypothesis,development,R3_AMBIGUOUS,V3_STRATUM_AMBIGUOUS,7,TWO_INDEPENDENT_REVIEWERS_THEN_ADJUDICATE_DISAGREEMENT,95de415de7527b30f601f33af6ef21fcc8da021f060a252eee71f85df5152b18
d2lce_dc193feb1eeef3a1349d9b74,d2lce_dc193feb1eeef3a1349d9b74,continuous bag of words,development,R3_AMBIGUOUS,V3_STRATUM_AMBIGUOUS,8,TWO_INDEPENDENT_REVIEWERS_THEN_ADJUDICATE_DISAGREEMENT,df4c637e09d04ac75abf1e4c06ea7c824642a83438e74c40d2ede0dd0f4160f0
d2lce_ddf8557de1cd5ff23b86e10e,d2lce_ddf8557de1cd5ff23b86e10e,aspect ratio,test,R3_AMBIGUOUS,V3_STRATUM_AMBIGUOUS,6,TWO_INDEPENDENT_REVIEWERS_THEN_ADJUDICATE_DISAGREEMENT,b11f539723f51b0af87cd6e43c129f65255b4ce05b1be03e74dc5f86a4a24899
d2lce_e014da89e120449f8881dd5b,d2lce_e014da89e120449f8881dd5b,single GPU,validation,R2_MISSING,NO_GLOSSARY_MATCH,6,ONE_REVIEWER_REQUIRED,0c9e407f4fc69e56c921c9872a0fed7f89d73926e79de0a30ef5462eec9a1e18
d2lce_e0c693366d811581abbb9e74,d2lce_e0c693366d811581abbb9e74,activation function,development,R3_AMBIGUOUS,V3_STRATUM_AMBIGUOUS,7,TWO_INDEPENDENT_REVIEWERS_THEN_ADJUDICATE_DISAGREEMENT,7ce2981a2029972ce929236735ad09842a7c58d75da5cf58ba6fdcbc1bddf8ae
d2lce_e1a7c8e04c91b48272b3b5ee,d2lce_e1a7c8e04c91b48272b3b5ee,discrete random variables,development,R3_AMBIGUOUS,V3_STRATUM_AMBIGUOUS,8,TWO_INDEPENDENT_REVIEWERS_THEN_ADJUDICATE_DISAGREEMENT,9e238224eb31f85e47c08d691c6a8abed16e9520a507ab50a9557bdd10f12f0c
d2lce_e246c0d41c7b8bc2c145f69a,d2lce_e246c0d41c7b8bc2c145f69a,linearly independent,development,R2_MISSING,NO_GLOSSARY_MATCH,7,ONE_REVIEWER_REQUIRED,80860de387acaad7d3dc97003f86949cf0e17ecc6f4ed8509c157b5e67c82f1a
d2lce_e27a9787bb13f8580103adc4,d2lce_e27a9787bb13f8580103adc4,pretrained BERT,validation,R2_MISSING,NO_GLOSSARY_MATCH,8,ONE_REVIEWER_REQUIRED,dfec3b02eb25b0bc6df3c11db95e1c13e7bef5d678a9125f125ab1378965305c
d2lce_e749bbd007351d6963f2bbd0,d2lce_e749bbd007351d6963f2bbd0,offsets,development,R3_AMBIGUOUS,V3_STRATUM_COLLISION_OR_MULTI_TARGET,8,TWO_INDEPENDENT_REVIEWERS_THEN_ADJUDICATE_DISAGREEMENT,7c3fa458039911645633f8d545cc9697a3cf0b9ae4da691311806941067f92a4
d2lce_e8992d8478a28e673fe551dc,d2lce_e8992d8478a28e673fe551dc,sequential partitioning,validation,R3_AMBIGUOUS,V3_STRATUM_AMBIGUOUS,7,TWO_INDEPENDENT_REVIEWERS_THEN_ADJUDICATE_DISAGREEMENT,6c3850deb0da6734b7dc293eab80e6e8b7a751a2c4b77de5fb8dc91666fd0183
d2lce_eae5d94b4d2b73165c5d8795,d2lce_eae5d94b4d2b73165c5d8795,zero mean,development,R2_MISSING,NO_GLOSSARY_MATCH,7,ONE_REVIEWER_REQUIRED,9936b92b38e67ccf48c8a7fcfeee2412fe27f558310402ff8c386d7cfc9aa35d
d2lce_eba859df6c63311dce4a5eb7,d2lce_eba859df6c63311dce4a5eb7,CNN,test,R3_AMBIGUOUS,V3_STRATUM_AMBIGUOUS,6,TWO_INDEPENDENT_REVIEWERS_THEN_ADJUDICATE_DISAGREEMENT,f46b470941d1081a871f189052a0862db7823d7521bf826cf85bc1e86ab0a35d
d2lce_ebd36388b50538b928ebbb4a,d2lce_ebd36388b50538b928ebbb4a,CUDA,development,R3_AMBIGUOUS,V3_STRATUM_AMBIGUOUS,8,TWO_INDEPENDENT_REVIEWERS_THEN_ADJUDICATE_DISAGREEMENT,a345ee968eb3f8047db291433dc108f479b7ba3c31bf6904b7b31a06d6b6cefc
d2lce_ed44d125cc1110c1c39f7b3e,d2lce_ed44d125cc1110c1c39f7b3e,model parameter,development,R2_MISSING,NO_GLOSSARY_MATCH,8,ONE_REVIEWER_REQUIRED,90a9df32dd002afd22ea2737528b2fa992426be0b07f74c7dfc7060df618f64a
d2lce_f33d434f8362f23d43285427,d2lce_f33d434f8362f23d43285427,representation,development,R3_AMBIGUOUS,V3_STRATUM_COLLISION_OR_MULTI_TARGET,5,TWO_INDEPENDENT_REVIEWERS_THEN_ADJUDICATE_DISAGREEMENT,935e509e19e4555e743239c53dd1197bc811d8babceebb9fa1428029441dd4a6
d2lce_f3dedf5fcd54a46940474022,d2lce_f3dedf5fcd54a46940474022,dimensionality,test,R3_AMBIGUOUS,V3_STRATUM_AMBIGUOUS,6,TWO_INDEPENDENT_REVIEWERS_THEN_ADJUDICATE_DISAGREEMENT,a24ac41927be3962c8f850314b039b91a5cd4ab7d32be759d1031bb22f0cd2d2
d2lce_f7c1845f1d67dcb386e8fc22,d2lce_f7c1845f1d67dcb386e8fc22,latent factors,development,R2_MISSING,NO_GLOSSARY_MATCH,6,ONE_REVIEWER_REQUIRED,466c18bb5c22c10e22aa82b78e14fcb1a5bff8159515ac3167f822392eb81924
d2lce_fa115d4c3a8140d91339df15,d2lce_fa115d4c3a8140d91339df15,Reduction,development,R2_MISSING,NO_GLOSSARY_MATCH,7,ONE_REVIEWER_REQUIRED,239b8450ed3bd62b696f717d3b7c6e6cb5a7cfcc26d7597f9d4cdc4068da30b4
d2lce_fb9ad6a6ac7e4ba9167913e1,d2lce_fb9ad6a6ac7e4ba9167913e1,Collaborative Filtering,development,R3_AMBIGUOUS,V3_STRATUM_AMBIGUOUS,7,TWO_INDEPENDENT_REVIEWERS_THEN_ADJUDICATE_DISAGREEMENT,f37bff40f070e61df0b0e11744e3a3d2c02af07e3414498f621dcc85be8dfb73
d2lce_fbe9efe0d390976cb31e5af7,d2lce_fbe9efe0d390976cb31e5af7,forward propagation,development,R3_AMBIGUOUS,V3_STRATUM_COLLISION_OR_MULTI_TARGET,6,TWO_INDEPENDENT_REVIEWERS_THEN_ADJUDICATE_DISAGREEMENT,f52f4e98e061ba1e5ac6dac91c31961133a8613cbdf89ff93e958fca67848107
