﻿term_id,sense_id,source_term,split,selection_group,risk_class,review_requirement,review_status,blind_audit_required,reviewer_1_id,reviewer_1_type,reviewer_1_role,reviewer_1_status,reviewer_1_definition_decision,reviewer_1_pos_decision,reviewer_1_scope_decision,reviewer_1_reason_codes,reviewer_1_confidence,reviewer_1_artifact_sha256,reviewer_2_id,reviewer_2_type,reviewer_2_role,reviewer_2_status,reviewer_2_definition_decision,reviewer_2_pos_decision,reviewer_2_scope_decision,reviewer_2_reason_codes,reviewer_2_confidence,reviewer_2_artifact_sha256,adjudicator_id,adjudicator_type,adjudicator_status,adjudication_decision,adjudication_reason,adjudication_artifact_sha256,completed_at
d2lce_8d226b48ba7ec1493faa4ec8,d2lce_8d226b48ba7ec1493faa4ec8,Gradient Clipping,development,CLEAR_LOW_RISK,R0_CLEAR,SOURCE_GROUND_PLUS_BLIND_AUDIT,PENDING_HUMAN_REVIEW,true,,,,,,,,,,,,,,,,,,,,,,,,,,,
d2lce_addfcc9899bef06c500b6b0e,d2lce_addfcc9899bef06c500b6b0e,momentum,development,CLEAR_LOW_RISK,R0_CLEAR,SOURCE_GROUND_PLUS_BLIND_AUDIT,PENDING_HUMAN_REVIEW,true,,,,,,,,,,,,,,,,,,,,,,,,,,,
d2lce_11e1c294000ac67785408dcd,d2lce_11e1c294000ac67785408dcd,null hypothesis,development,CLEAR_LOW_RISK,R0_CLEAR,SOURCE_GROUND_PLUS_BLIND_AUDIT,PENDING_HUMAN_REVIEW,true,,,,,,,,,,,,,,,,,,,,,,,,,,,
d2lce_9bd5113780f8e8160a24e6ad,d2lce_9bd5113780f8e8160a24e6ad,underflow,development,CLEAR_LOW_RISK,R1_QUALIFIED,AT_LEAST_ONE_HUMAN_REVIEWER,PENDING_HUMAN_REVIEW,false,,,,,,,,,,,,,,,,,,,,,,,,,,,
d2lce_c6b4477a845e2e0e0e02f088,d2lce_c6b4477a845e2e0e0e02f088,output gate,development,CLEAR_LOW_RISK,R2_MISSING,AT_LEAST_ONE_HUMAN_REVIEWER,PENDING_HUMAN_REVIEW,false,,,,,,,,,,,,,,,,,,,,,,,,,,,
d2lce_7ef8ed3f93210606a27312a4,d2lce_7ef8ed3f93210606a27312a4,Adam,development,AMBIGUOUS_POLYSEMOUS,R3_AMBIGUOUS,TWO_DISTINCT_BLIND_HUMAN_REVIEWERS,PENDING_HUMAN_REVIEW,false,,,,,,,,,,,reviewer_2,HUMAN,INDEPENDENT_SENSE_REVIEW,COMPLETE,ACCEPT,ACCEPT,ACCEPT,SAME_SENSE_PRIMARY_SUPPORT|CONTRASTIVE_BOUNDARY_ONLY,0.98,5d110a4364728b4509610e032e0ff0a468846f64f339e26bd08e51df2220b929,,,,,,,2026-07-29T06:44:14Z
d2lce_1a91fdded89249a5cd89ec14,d2lce_1a91fdded89249a5cd89ec14,Jupyter notebook,development,AMBIGUOUS_POLYSEMOUS,R3_AMBIGUOUS,TWO_DISTINCT_BLIND_HUMAN_REVIEWERS,PENDING_HUMAN_REVIEW,false,,,,,,,,,,,reviewer_2,HUMAN,INDEPENDENT_SENSE_REVIEW,COMPLETE,ACCEPT,ACCEPT,ACCEPT,SAME_SENSE_PRIMARY_SUPPORT|CONTRASTIVE_BOUNDARY_ONLY,0.99,29da3393de56503a3b4d37cc11d83e17e898362646b565987cfede728a23ca2f,,,,,,,2026-07-29T06:44:14Z
d2lce_cc4cb853eff638abcbdf7691,d2lce_cc4cb853eff638abcbdf7691,learning rate,development,AMBIGUOUS_POLYSEMOUS,R3_AMBIGUOUS,TWO_DISTINCT_BLIND_HUMAN_REVIEWERS,PENDING_HUMAN_REVIEW,false,,,,,,,,,,,reviewer_2,HUMAN,INDEPENDENT_SENSE_REVIEW,COMPLETE,ACCEPT,ACCEPT,ACCEPT,SAME_SENSE_PRIMARY_SUPPORT|CONTRASTIVE_BOUNDARY_ONLY,0.99,3397a7617388030d5ffb2a9f7ff525c41ee8d2431188c76769e04dcc57785e54,,,,,,,2026-07-29T06:44:14Z
d2lce_d7976d0b101e65c34c011871,d2lce_d7976d0b101e65c34c011871,vanishing gradients,development,AMBIGUOUS_POLYSEMOUS,R3_AMBIGUOUS,TWO_DISTINCT_BLIND_HUMAN_REVIEWERS,PENDING_HUMAN_REVIEW,false,,,,,,,,,,,reviewer_2,HUMAN,INDEPENDENT_SENSE_REVIEW,COMPLETE,ACCEPT,ACCEPT,ACCEPT,SAME_SENSE_PRIMARY_SUPPORT|CONTRASTIVE_BOUNDARY_ONLY,0.95,5456f08487379d79dd5d0e12410779074d306bc803db3a594676db49c0cfd65c,,,,,,,2026-07-29T06:44:14Z
d2lce_ce222dd206341f61f2986f7a,d2lce_ce222dd206341f61f2986f7a,word embedding,development,AMBIGUOUS_POLYSEMOUS,R3_AMBIGUOUS,TWO_DISTINCT_BLIND_HUMAN_REVIEWERS,PENDING_HUMAN_REVIEW,false,,,,,,,,,,,reviewer_2,HUMAN,INDEPENDENT_SENSE_REVIEW,COMPLETE,ACCEPT,ACCEPT,ACCEPT,SAME_SENSE_PRIMARY_SUPPORT|CONTRASTIVE_BOUNDARY_ONLY,0.99,116883c09d8c84b9e5b30bfef69c12d8572afade6dc081bde194d70328ad0721,,,,,,,2026-07-29T06:44:14Z
d2lce_2684090fd4500122fec2a334,d2lce_2684090fd4500122fec2a334,in place,development,GATE_ADJUDICATION_RISK,R4_SPLIT_OR_POS_RISK,TWO_DISTINCT_REVIEWERS_PLUS_MANDATORY_ADJUDICATION,PENDING_HUMAN_REVIEW,false,,,,,,,,,,,reviewer_2,HUMAN,INDEPENDENT_SENSE_REVIEW,COMPLETE,REVISE,REVISE,SPLIT_REQUIRED,MULTIPLE_SENSES|SPLIT_REQUIRED|POS_AMBIGUITY,0.99,231091a345da8fd9d93114cfb7094c688f14daa9b82a632a0ffedd6178717c87,,,,,,,2026-07-29T06:44:14Z
d2lce_382e4bbab285d56a08249753,d2lce_382e4bbab285d56a08249753,contexts,development,GATE_ADJUDICATION_RISK,R3_AMBIGUOUS,TWO_DISTINCT_BLIND_HUMAN_REVIEWERS,PENDING_HUMAN_REVIEW,false,,,,,,,,,,,reviewer_2,HUMAN,INDEPENDENT_SENSE_REVIEW,COMPLETE,ACCEPT,ACCEPT,ACCEPT,TARGET_COLLISION|SAME_SENSE_PRIMARY_SUPPORT|BROAD_DEFINITION_COVERS_CONTEXTS,0.9,b7effb95eb833b2778b7c902361903f68dd7f4b2477e9a8908cb8e7ca60ce7b4,,,,,,,2026-07-29T06:44:14Z
d2lce_98b37a7bcb47cd2ef2e5f296,d2lce_98b37a7bcb47cd2ef2e5f296,fully-connected layers,development,GATE_ADJUDICATION_RISK,R3_AMBIGUOUS,TWO_DISTINCT_BLIND_HUMAN_REVIEWERS,PENDING_HUMAN_REVIEW,false,,,,,,,,,,,reviewer_2,HUMAN,INDEPENDENT_SENSE_REVIEW,COMPLETE,ACCEPT,ACCEPT,ACCEPT,SAME_SENSE_PRIMARY_SUPPORT|INDIRECT_DEFINITION_SUPPORT|CONTRASTIVE_BOUNDARY_ONLY,0.88,d40acbf0f4061c35b3743264c245f33b87cc961fddca2f2101ba87869e99e3cc,,,,,,,2026-07-29T06:44:14Z
d2lce_18c3da2d5bdd6d05a83982fa,d2lce_18c3da2d5bdd6d05a83982fa,attention scoring function,development,GATE_ADJUDICATION_RISK,R3_AMBIGUOUS,TWO_DISTINCT_BLIND_HUMAN_REVIEWERS,PENDING_HUMAN_REVIEW,false,,,,,,,,,,,reviewer_2,HUMAN,INDEPENDENT_SENSE_REVIEW,COMPLETE,ACCEPT,ACCEPT,ACCEPT,SAME_SENSE_PRIMARY_SUPPORT|CONTRASTIVE_BOUNDARY_ONLY,0.98,a147ca32ab7ceb7060b85364c56d7a586cb45c269e6ee3298bd7f0d89f5357bd,,,,,,,2026-07-29T06:44:14Z
d2lce_2b76c0f26436945cdf880aed,d2lce_2b76c0f26436945cdf880aed,statistical power,development,GATE_ADJUDICATION_RISK,R3_AMBIGUOUS,TWO_DISTINCT_BLIND_HUMAN_REVIEWERS,PENDING_HUMAN_REVIEW,false,,,,,,,,,,,reviewer_2,HUMAN,INDEPENDENT_SENSE_REVIEW,UNJUDGEABLE,,,,INSUFFICIENT_POSITIVE_EVIDENCE|E_UNJUDGEABLE_SCENARIO,,f8e92c0881ab8991a9adb5ba7f6aeefa4d26d08eb76670d5321fade469bc8d2e,,,,,,,2026-07-29T06:44:14Z
