candidate_id,candidate_slot,candidate_target_vi,output_sense_id,parent_sense_id,source_term,split_label,formation_method,source_candidate_instance_id,source_candidate_instance_sha256,candidate_proposal_sha256
candidate_71daf6039ab2e893cedccaf3,CANDIDATE_1,lực kiểm định,d2lce_2b76c0f26436945cdf880aed,d2lce_2b76c0f26436945cdf880aed,statistical power,NO_SPLIT,REUSE_V3_CANDIDATE,candidate_71daf6039ab2e893cedccaf3,7dff9f0b6f636462416290a85f79aef74300c02e85b5fee20e9811b972b11037,b744b0ab87b149b23caf18b6f8d8856b5d16a0246c694e08a5068516cbe166fe
candidate_8a4dcddfb53356985673d7d4,CANDIDATE_2,mạnh,d2lce_2b76c0f26436945cdf880aed,d2lce_2b76c0f26436945cdf880aed,statistical power,NO_SPLIT,REUSE_V3_CANDIDATE,candidate_8a4dcddfb53356985673d7d4,e8f5213594d7c19334cf3a3c39fcdcad9dde0eb2b3c1b3e03ed1eddeaa3cafe8,b9acedc301e01bf30a08fc1a1bfbf5b2b5c9a737b645f95a1bb2cf882bdf3ca9
candidate_494d3d67a89723a07ce74292,CANDIDATE_3,độ mạnh thống kê,d2lce_2b76c0f26436945cdf880aed,d2lce_2b76c0f26436945cdf880aed,statistical power,NO_SPLIT,REUSE_V3_CANDIDATE,candidate_494d3d67a89723a07ce74292,8caae0aee5c82a0be8a9d420ec566790c9b9102b4c40aaafeaed186b8934542d,39b742ade478537f069c3f7d99141d33d86075fb54af8a88f91625446c806efa
candidate_06d715e19674c0ad4cd051ab,CANDIDATE_1,đã được thiết lập,d2lce_51ce8cc13680668af18c9d10,d2lce_2684090fd4500122fec2a334,in place,ESTABLISHED_CONFIGURATION,DATASET_TARGETED_REPAIR_PROPOSAL,,,d1a1fe0fbf7e6b28f7f4af7e672992aad3ff3db91170a8053fda55428b404061
candidate_a49c94f0d928776d6abe62e9,CANDIDATE_2,đã sẵn sàng,d2lce_51ce8cc13680668af18c9d10,d2lce_2684090fd4500122fec2a334,in place,ESTABLISHED_CONFIGURATION,DATASET_TARGETED_REPAIR_PROPOSAL,,,9647e598af705eddaad8dd12ced60b0825f50279fd255c627b79ad4ba69f4cff
candidate_270b146d405d67d006648a35,CANDIDATE_3,đang được áp dụng,d2lce_51ce8cc13680668af18c9d10,d2lce_2684090fd4500122fec2a334,in place,ESTABLISHED_CONFIGURATION,DATASET_TARGETED_REPAIR_PROPOSAL,,,33679ba342329d5fefea175d77dd0f5108aa46b28105708e0e7f276d69232134
candidate_eb4b9982b22d45554720135e,CANDIDATE_1,Adam,d2lce_7ef8ed3f93210606a27312a4,d2lce_7ef8ed3f93210606a27312a4,Adam,NO_SPLIT,REUSE_V3_CANDIDATE,candidate_eb4b9982b22d45554720135e,659f97471f585d725b26d96af1e862133a9f08567cf365067fa562f6ae5458d5,46e510ab8420cc0944b934bd099e6f0a6c7bf310c8b382c52dc78ab420526d15
candidate_d2ab7fc22d0620dfdeb0a667,CANDIDATE_2,thuật toán tối ưu Adam,d2lce_7ef8ed3f93210606a27312a4,d2lce_7ef8ed3f93210606a27312a4,Adam,NO_SPLIT,REUSE_V3_CANDIDATE,candidate_d2ab7fc22d0620dfdeb0a667,fa7da7964fc94448ed3a97913c27f9ede39c37c47526026ca13e7b5c300f3cff,88844d740493c826f9888d14d1c59d6ca68cfd3e66e9fc26b321fe186feaf60c
candidate_5b40ab20a731994cf4619c72,CANDIDATE_3,bộ tối ưu Adam,d2lce_7ef8ed3f93210606a27312a4,d2lce_7ef8ed3f93210606a27312a4,Adam,NO_SPLIT,REUSE_V3_CANDIDATE,candidate_5b40ab20a731994cf4619c72,798d484c99d0000811445041feb2d7885db38b0beff3e1b1e063ee1b2700be29,ede2b457ad633c1cc85632cc6cb562f1fb1d6574aa80f66b0ad39d62315b942e
candidate_f23d2f328dce6e51b201bc62,CANDIDATE_1,tại chỗ,d2lce_97f1f447efe7908ef1e8daf4,d2lce_2684090fd4500122fec2a334,in place,IN_PLACE_MUTATION,DATASET_TARGETED_REPAIR_PROPOSAL,candidate_544f2b9c05154c7e07c55014,36bfc020742fdbc2b1f0272d46108f577e195a44f5c6b143f60dbf90708da505,a9ee675aa4ee85d1b2813a8f89d3fcd972323598d5a9ba35a4ab0412b1644a92
candidate_ffdbee38bfbfaa63b5accb3f,CANDIDATE_2,cập nhật tại chỗ,d2lce_97f1f447efe7908ef1e8daf4,d2lce_2684090fd4500122fec2a334,in place,IN_PLACE_MUTATION,DATASET_TARGETED_REPAIR_PROPOSAL,,,d5376ede159c3b07ae368f020d082813aa9de794f7d5c87346c7e94468a6182d
candidate_d40b3fea7c72ef29611fea45,CANDIDATE_3,trực tiếp trên đối tượng hiện có,d2lce_97f1f447efe7908ef1e8daf4,d2lce_2684090fd4500122fec2a334,in place,IN_PLACE_MUTATION,DATASET_TARGETED_REPAIR_PROPOSAL,,,e299abdd3e341e3ed07bed4524b6296a922c30568d2f43d0ad741b3e23ec9f81
candidate_69d487fc044881f9f782de53,CANDIDATE_1,các lớp kết nối đầy đủ,d2lce_98b37a7bcb47cd2ef2e5f296,d2lce_98b37a7bcb47cd2ef2e5f296,fully-connected layers,NO_SPLIT,REUSE_V3_CANDIDATE,candidate_69d487fc044881f9f782de53,da38c63a2dc9e965ebe190a9d448fc621c2694eba7e13ab3e6d71fe6252200c5,f9fb61f3d6bd5c1383917e88989982eb60a9c14e3ca43e7f519479e830134c85
candidate_bacd2b7d8eb5d2ff10742c27,CANDIDATE_2,các lớp liên kết đầy đủ,d2lce_98b37a7bcb47cd2ef2e5f296,d2lce_98b37a7bcb47cd2ef2e5f296,fully-connected layers,NO_SPLIT,REUSE_V3_CANDIDATE,candidate_bacd2b7d8eb5d2ff10742c27,24815f477ef2c5126035ea45e4ceff5a6ad57780708e1d9b52161fb715fa0a15,dfe506fb7e00544ad371a8d1892d4772904fde6a263352deecaf969e8a04f81b
candidate_ed0f208b38e5ecb43e4b5efc,CANDIDATE_3,các tầng kết nối đầy đủ,d2lce_98b37a7bcb47cd2ef2e5f296,d2lce_98b37a7bcb47cd2ef2e5f296,fully-connected layers,NO_SPLIT,REUSE_V3_CANDIDATE,candidate_ed0f208b38e5ecb43e4b5efc,9ef6b89107d17b2ccf309165206e0fdc93859a58c784101204d5e880ffa4f9a8,fccae530f2fb49a5f874d9d3a38f9b4eb314a8dc89fa81b97e17dbebc23f3880
