source_term,sense_id,agreement,finalization_status,blocker_codes,semantic_directive,record_sha256
activation function,d2lce_e0c693366d811581abbb9e74,AGREEMENT_3_OF_3,BLOCKED_PENDING_REPAIR_INPUTS,EVIDENCE_ROLE_CONFIRMATION_REQUIRED;REVIEWER_PROVENANCE_INCOMPLETE,,254d661a0da5e882c80646eaace67f77c2fa8ff940736aa26d5a18d69dee174f
Adam,d2lce_7ef8ed3f93210606a27312a4,MAJORITY_2_OF_3,ADJUDICATION_REQUIRED,EVIDENCE_ROLE_CONFIRMATION_REQUIRED;NON_UNANIMOUS_CORE_DECISION;REVIEWER_PROVENANCE_INCOMPLETE;UNSUPPORTED_DEFINITION_DETAIL_REMOVED,ACCEPT_CORRECTION,131beeff8220703a860309f10a71aadc5335b43d158ef59ee79db4b460e71f4d
affine transformation,d2lce_539543a2360129e2a2fa1b6d,AGREEMENT_3_OF_3,BLOCKED_PENDING_REPAIR_INPUTS,EVIDENCE_ROLE_CONFIRMATION_REQUIRED;REVIEWER_PROVENANCE_INCOMPLETE,,78efd4c8eb8c1a0798719da2a958a2078fa1aad30b9ad6c7aea83ac2f38d70e2
Approximate Training,d2lce_28ab2b419f6b871a62a06060,AGREEMENT_3_OF_3,BLOCKED_PENDING_REPAIR_INPUTS,EVIDENCE_ROLE_CONFIRMATION_REQUIRED;REVIEWER_PROVENANCE_INCOMPLETE,,2f5ef86a3253d36396973134c71e2f3d7928a4dce4b04a5589e456058e97b58d
attention scoring function,d2lce_18c3da2d5bdd6d05a83982fa,AGREEMENT_3_OF_3,BLOCKED_PENDING_REPAIR_INPUTS,EVIDENCE_ROLE_CONFIRMATION_REQUIRED;REVIEWER_PROVENANCE_INCOMPLETE,,2dfee02ca74ea5fbf134e80c6405b28a829a69c34cf3ae8a6279800975972c49
BatchNorm,d2lce_4abd762bcd34d370b4fe6498,AGREEMENT_3_OF_3,BLOCKED_PENDING_REPAIR_INPUTS,EVIDENCE_ROLE_CONFIRMATION_REQUIRED;REVIEWER_PROVENANCE_INCOMPLETE,,11fa5ae3dbbc40ef2e101884768b5e18d26964758140d9b1397a3f67cf3be6e9
beta,d2lce_20a7e6887718c68fb6b88a05,AGREEMENT_3_OF_3,BLOCKED_PENDING_REPAIR_INPUTS,EVIDENCE_ROLE_CONFIRMATION_REQUIRED;REVIEWER_PROVENANCE_INCOMPLETE,,215d0fb739c1279b30b3d543d37bd3d4b12cd8b681388d3267134496ef3fb875
bidirectional RNN,d2lce_80f4d6555a6ea1d2e5e881a1,AGREEMENT_3_OF_3,BLOCKED_PENDING_REPAIR_INPUTS,EVIDENCE_ROLE_CONFIRMATION_REQUIRED;REVIEWER_PROVENANCE_INCOMPLETE,,77320904666cde4be51447b34384e288b1eac8e5245860105c2d16c8a7ea1666
bit,d2lce_53c32398310471fac3dacf35,AGREEMENT_3_OF_3,BLOCKED_PENDING_REPAIR_INPUTS,EVIDENCE_ROLE_CONFIRMATION_REQUIRED;REVIEWER_PROVENANCE_INCOMPLETE,,8d0c1f564ca126716407d9d153e0d86460047dda00006e96ffbe67e598144f27
broadcasting,d2lce_499fa9391d57e930a19f1b19,AGREEMENT_3_OF_3,BLOCKED_PENDING_REPAIR_INPUTS,EVIDENCE_ROLE_CONFIRMATION_REQUIRED;REVIEWER_PROVENANCE_INCOMPLETE,,54e6825f79a91db7b7315dce6c5d059cd35d3e75537da75bae1bfca908c38034
Caser,d2lce_52085fef12f840d2350b2049,AGREEMENT_3_OF_3,BLOCKED_PENDING_REPAIR_INPUTS,EVIDENCE_ROLE_CONFIRMATION_REQUIRED;REVIEWER_PROVENANCE_INCOMPLETE,,b805130d60e28dad84a5714c23a2fd12d1b44a1e327da18b97454417e6259e5e
channels,d2lce_270e1a75bb70807d9c2dd507,AGREEMENT_3_OF_3,BLOCKED_PENDING_REPAIR_INPUTS,EVIDENCE_ROLE_CONFIRMATION_REQUIRED;REVIEWER_PROVENANCE_INCOMPLETE,,d371344c6f4fb0df1bb7c6d91c63c5517a9154b7f2a3f80f56bd9f05f0148160
Collaborative Filtering,d2lce_fb9ad6a6ac7e4ba9167913e1,AGREEMENT_3_OF_3,BLOCKED_PENDING_REPAIR_INPUTS,EVIDENCE_ROLE_CONFIRMATION_REQUIRED;REVIEWER_PROVENANCE_INCOMPLETE,,b9ee359f4876bbd4e2a9cd6f40146ffd7f1e3cad4031bc097975a718e5377228
Concept Shift,d2lce_6239b2ef1cec1800e3d6f13f,AGREEMENT_3_OF_3,BLOCKED_PENDING_REPAIR_INPUTS,EVIDENCE_ROLE_CONFIRMATION_REQUIRED;REVIEWER_PROVENANCE_INCOMPLETE,,17790f28bbcb03d7537b08486369322d98ad7bf50e806f71fbe13764bea755e3
constructor,d2lce_7d7b617aacd41c76538d06af,AGREEMENT_3_OF_3,BLOCKED_PENDING_REPAIR_INPUTS,EVIDENCE_ROLE_CONFIRMATION_REQUIRED;REVIEWER_PROVENANCE_INCOMPLETE,,fc834bf4cb74cf9037b9f24aa8b7ddb091a40c8feb41138e59592341bfbff770
contexts,d2lce_382e4bbab285d56a08249753,AGREEMENT_3_OF_3,BLOCKED_PENDING_REPAIR_INPUTS,EVIDENCE_ROLE_CONFIRMATION_REQUIRED;REVIEWER_PROVENANCE_INCOMPLETE,,3fa890a9f6d8ee6c5f5c08436d654ac005a8d795af109bed1fcda1797260c1e8
continuous bag of words,d2lce_dc193feb1eeef3a1349d9b74,AGREEMENT_3_OF_3,BLOCKED_PENDING_REPAIR_INPUTS,EVIDENCE_ROLE_CONFIRMATION_REQUIRED;REVIEWER_PROVENANCE_INCOMPLETE,,d6b1e3d898c7557ea12ef40b5b4de811f5529b791b98c98827a991b2f6c3c3fd
Control Flow,d2lce_6c7e95cd232fb7fcca6b3bdc,AGREEMENT_3_OF_3,BLOCKED_PENDING_REPAIR_INPUTS,EVIDENCE_ROLE_CONFIRMATION_REQUIRED;REVIEWER_PROVENANCE_INCOMPLETE,,7e586b9ec6347c777ec7df1836f7eca6bb8f09b7525aa1b050cadb28bc04cbcd
convex function,d2lce_0a19e86b29b5e64f79a45ddc,AGREEMENT_3_OF_3,BLOCKED_PENDING_REPAIR_INPUTS,EVIDENCE_ROLE_CONFIRMATION_REQUIRED;REVIEWER_PROVENANCE_INCOMPLETE,,603000bb56eb6473d234723b32b1c5531f3521a8528617413c19788054927de5
convex sets,d2lce_9c874642b8c028465cfbb71e,AGREEMENT_3_OF_3,BLOCKED_PENDING_REPAIR_INPUTS,EVIDENCE_ROLE_CONFIRMATION_REQUIRED;REVIEWER_PROVENANCE_INCOMPLETE,,67dd1fa6026ecd03d40960feb0c01b5041c03d8b1b161467afd41da2786c518b
convolutional layer,d2lce_d2bfc7b3a0a02ddfd71b3526,AGREEMENT_3_OF_3,BLOCKED_PENDING_REPAIR_INPUTS,EVIDENCE_ROLE_CONFIRMATION_REQUIRED;REVIEWER_PROVENANCE_INCOMPLETE,,ed068ecad52f185a11fd814cab3984cdeaa8c0df08aca5aade69059463e558d4
convolutional neural networks,d2lce_c4e87e5ee47d3e26ba618290,AGREEMENT_3_OF_3,BLOCKED_PENDING_REPAIR_INPUTS,EVIDENCE_ROLE_CONFIRMATION_REQUIRED;REVIEWER_PROVENANCE_INCOMPLETE,,5483914e480d482cc390d1f79763d54aabb508c520c8a6d6369fce9869bd1e31
CUDA,d2lce_ebd36388b50538b928ebbb4a,AGREEMENT_3_OF_3,BLOCKED_PENDING_REPAIR_INPUTS,EVIDENCE_ROLE_CONFIRMATION_REQUIRED;REVIEWER_PROVENANCE_INCOMPLETE,,d8aff1c01f562941f9e9d57b9d35ea55e74aa91e65f6278c70e5ef1f1796dcf0
custom layer,d2lce_4d2b37402e25d2f56746ea23,AGREEMENT_3_OF_3,BLOCKED_PENDING_REPAIR_INPUTS,EVIDENCE_ROLE_CONFIRMATION_REQUIRED;REVIEWER_PROVENANCE_INCOMPLETE,,305efeafed938de43316da092e3b2419adb4caebebad3ad01d6668e2070acb05
discrete random variables,d2lce_e1a7c8e04c91b48272b3b5ee,AGREEMENT_3_OF_3,BLOCKED_PENDING_REPAIR_INPUTS,EVIDENCE_ROLE_CONFIRMATION_REQUIRED;REVIEWER_PROVENANCE_INCOMPLETE,,c320377508e34029a3617dc3492158b3269eafb5051fe03641223747b6ffcd73
eigendecomposition,d2lce_10d4d01fa40b67d92527e5ed,AGREEMENT_3_OF_3,BLOCKED_PENDING_REPAIR_INPUTS,EVIDENCE_ROLE_CONFIRMATION_REQUIRED;REVIEWER_PROVENANCE_INCOMPLETE,,4bf3b56bd32aee6bd9f353d91488aeb3c7f1e3f4d006443683e84e6f5b63799b
Entailment,d2lce_ca2ca961829e131bbc0fd92b,AGREEMENT_3_OF_3,BLOCKED_PENDING_REPAIR_INPUTS,EVIDENCE_ROLE_CONFIRMATION_REQUIRED;REVIEWER_PROVENANCE_INCOMPLETE,,8766122a8ba05074885b7638df3e73375e3d0866c3103fb370a81dfdbf994a74
forward propagation,d2lce_fbe9efe0d390976cb31e5af7,AGREEMENT_3_OF_3,BLOCKED_PENDING_REPAIR_INPUTS,EVIDENCE_ROLE_CONFIRMATION_REQUIRED;REVIEWER_PROVENANCE_INCOMPLETE,,e873dc9485cb40fcf1c4c56d1c35537341f027ad1924713440398b0b091995c9
frontend,d2lce_24988c975f984ef488776c0b,AGREEMENT_3_OF_3,BLOCKED_PENDING_REPAIR_INPUTS,EVIDENCE_ROLE_CONFIRMATION_REQUIRED;REVIEWER_PROVENANCE_INCOMPLETE,,f47ac3b6ff89144a32e619c68af4d52baacf2dc15e6153c2921403cf3b28eb50
fully-connected layers,d2lce_98b37a7bcb47cd2ef2e5f296,MAJORITY_2_OF_3,ADJUDICATION_REQUIRED,EVIDENCE_ROLE_CONFIRMATION_REQUIRED;NON_UNANIMOUS_CORE_DECISION;REVIEWER_PROVENANCE_INCOMPLETE;UNSUPPORTED_DETAIL_SYNTHETIC_ONLY,ADJUDICATION_REQUIRED,dda58e52599b0473911e4ead10b1333a3a3eb895043684f39e2f9823b707ba86
Generator,d2lce_73c8ce2915c4c64a52fab4a2,AGREEMENT_3_OF_3,BLOCKED_PENDING_REPAIR_INPUTS,EVIDENCE_ROLE_CONFIRMATION_REQUIRED;REVIEWER_PROVENANCE_INCOMPLETE,,de23144fe0a883b2cc3c984abef43c630bc4aa159ae64ad07dee17302f30c729
Gradient Clipping,d2lce_8d226b48ba7ec1493faa4ec8,AGREEMENT_3_OF_3,BLOCKED_PENDING_REPAIR_INPUTS,EVIDENCE_ROLE_CONFIRMATION_REQUIRED;REVIEWER_PROVENANCE_INCOMPLETE,,6573367b0995449bb3643a5f3e9de7289f63c291a5bbf88d98080c4d140065b2
hidden layer,d2lce_401e038a0835f7c5733a9857,AGREEMENT_3_OF_3,BLOCKED_PENDING_REPAIR_INPUTS,EVIDENCE_ROLE_CONFIRMATION_REQUIRED;REVIEWER_PROVENANCE_INCOMPLETE,,5c1ee115ef8d9cff7e34ad284081f7b655aced0525644bb919dac8badaeffe33
hypothesis,d2lce_dbb300a90e4b0f8b815b5e12,AGREEMENT_3_OF_3,BLOCKED_PENDING_REPAIR_INPUTS,EVIDENCE_ROLE_CONFIRMATION_REQUIRED;REVIEWER_PROVENANCE_INCOMPLETE,,36d14c84cd550c1747e5f6746792920b3fe40e0eeeccea1f00b55840988c868c
in place,d2lce_2684090fd4500122fec2a334,MAJORITY_2_OF_3,SPLIT_REQUIRED,EVIDENCE_ROLE_CONFIRMATION_REQUIRED;NON_UNANIMOUS_CORE_DECISION;REVIEWER_PROVENANCE_INCOMPLETE;SENSE_AND_POS_CONFLATION;UNRESOLVED_REVIEW_STATUS,SPLIT_REQUIRED,29df81773b5e846d58381c509a50201d0757f45dd1be42bdf1614de4fa48165a
Initialization,d2lce_8373decbb6e405f0386ec8a0,AGREEMENT_3_OF_3,BLOCKED_PENDING_REPAIR_INPUTS,EVIDENCE_ROLE_CONFIRMATION_REQUIRED;REVIEWER_PROVENANCE_INCOMPLETE,,df895e362431dc63d47d2dd1225d0cb792d96dabfdec7ee5d854f0bb8223a2e0
input gate,d2lce_c6c1c6e96c39b88a9f94e8d9,AGREEMENT_3_OF_3,BLOCKED_PENDING_REPAIR_INPUTS,EVIDENCE_ROLE_CONFIRMATION_REQUIRED;REVIEWER_PROVENANCE_INCOMPLETE,,a7350236a558665cea205f610fe03a5768d22d0cadf515e6a6c1077bc26d057b
integration,d2lce_9372cdb5752db6ba6fa38fbd,AGREEMENT_3_OF_3,BLOCKED_PENDING_REPAIR_INPUTS,EVIDENCE_ROLE_CONFIRMATION_REQUIRED;REVIEWER_PROVENANCE_INCOMPLETE,,4f56cb7b71fbebf431e2c6cbb9b789fd349dea508b1cb6ce559eb1481289ebe9
iteration,d2lce_c3c46748b1a49e32c07ca9d7,AGREEMENT_3_OF_3,BLOCKED_PENDING_REPAIR_INPUTS,EVIDENCE_ROLE_CONFIRMATION_REQUIRED;REVIEWER_PROVENANCE_INCOMPLETE,,3da606ce0230597f1c8336bae48dd829dad4ea5b825db2fda1d6e95021046a35
Jupyter notebook,d2lce_1a91fdded89249a5cd89ec14,AGREEMENT_3_OF_3,BLOCKED_PENDING_REPAIR_INPUTS,EVIDENCE_ROLE_CONFIRMATION_REQUIRED;REVIEWER_PROVENANCE_INCOMPLETE,,c03b7eadf1c886400af5666075045f3fe6c609917b2b2f848ec76e838ed6d745
